:020000040800F2
:1000000018050020A1010008771500080114000858
:1000100075150008E5070008F31700080000000048
:100020000000000000000000000000007B15000838
:100030001108000800000000791500087D1500086F
:10004000BB010008BB010008BB010008BB010008A0
:10005000BB010008BB010008BB010008BB01000890
:10006000BB010008BB010008BB010008BB01000880
:10007000BB010008BB010008BB010008BB01000870
:10008000BB010008BB010008BB010008BB01000860
:10009000BB010008BB010008BB010008BB01000850
:1000A000BB010008BB010008BB010008BB01000840
:1000B000BB010008BB010008BB010008BB01000830
:1000C000BB010008BB010008BB010008BB01000820
:1000D000BB010008BB010008BB010008BB01000810
:1000E000BB010008BB010008BB010008BB01000800
:1000F000BB010008BB010008BB010008BB010008F0
:10010000BB010008BB010008BB010008BB010008DF
:10011000BB010008BB010008BB010008BB010008CF
:10012000BB010008BB010008BB010008BB010008BF
:10013000BB010008BB010008BB010008BB010008AF
:10014000BB010008BB010008BB010008BB0100089F
:10015000BB010008BB010008BB010008BB0100088F
:10016000BB010008BB010008BB010008BB0100087F
:10017000BB010008BB010008BB0100080000000033
:10018000BB010008BB010008DFF810D000F006FB3F
:100190000048004735610008AFF3008018050020D3
:1001A0000648804706480047FEE7FEE7FEE7FEE711
:1001B000FEE7FEE7FEE7FEE7FEE7FEE715160008AE
:1001C000890100082DE9F05F0546002092469B4614
:1001D00088460646814640241BE02846414647465D
:1001E000224600F0AEF953465A46C01A914110D348
:1001F00011461846224600F095F92D1A67EB0108C2
:100200004F4622460120002100F08CF917EB00092F
:100210004E41201EA4F10104DFDC484631462A4647
:100220004346BDE8F09FD2B201E000F8012B491E21
:10023000FBD270470022F6E710B513460A46044683
:100240001946FFF7F0FF204610BD10B5002200E070
:10025000521C835C8C5CA34201D1002BF8D1D8B234
:10026000E1B2401A10BD2DE9FE4F81EA030404F00B
:10027000004421F0004100944FF0000B23F00043B4
:1002800050EA01045ED052EA03045BD0C3F30A547F
:10029000C1F30A552C44A4F2F3340194A0FB025498
:1002A000C1F3130141F48011C3F3130343F480132A
:1002B00001FB024400FB034E840A970A44EA81547E
:1002C00047EA8357A4FB076802958D0A05FB07855B
:1002D0004FEA932C04FB0C542705029D4FEA065865
:1002E00047EA1637B5EB08056EEB070C870E920E42
:1002F00047EA811742EA8312A7FB0201B6EB0B0122
:1003000064EB00042B0D43EA0C335E1844EB1C50E5
:10031000DA465146E7FB0201C5F313044FEA0B33FB
:1003200043EA14534FEA0432019C43EA0603A4F162
:100330000C040294009CCDE900B400F021F903B054
:10034000BDE8F08F00200146F9E72DE9F04D81EA84
:10035000030404F0004B21F0004514464FF0000A5E
:1003600023F0004150EA050220D054EA01021DD0DA
:10037000C5F30A570246C5F31303C1F31300C1F3D3
:100380000A5640F4801543F48013A7EB0608101BAF
:10039000D64608F2FD3873EB050002D308F10108D8
:1003A00001E092185B41B8F1000F03DA002001462A
:1003B000BDE8F08D00204FF48011064684460EE023
:1003C000171B73EB050705D3121B63EB05030643ED
:1003D0004CEA010C49084FEA300092185B4150EAA0
:1003E0000107EDD152EA030012D082EA040083EA49
:1003F0000501084305D0101BAB4106D201220023A2
:1004000006E000224FF0004302E06FF001025310BB
:100410001AEB06004CEB085110EB0A0041EB0B0104
:10042000BDE8F04D00F09DB80EB5C10F80EAE07058
:100430000844CA07002140F233438DE80E000A4603
:100440000B4600F09DF803B000BD0EB540F23341FD
:1004500002910021CDE900110A460B4600F090F808
:1004600003B000BDC1F30A5210B5C1F3130140F24D
:10047000FF3341F480119A4201DA002010BD40F2AE
:1004800033439A42A2F2334203DC524200F059F85D
:1004900010BD904010BD000030B5041E71F1000485
:1004A00004DB4FF00044404264EB0101141E73F181
:1004B000000405DB1C464FF00043524263EB04038B
:1004C0008B4208BF824230BD30B5041E71F100047A
:1004D00004DB4FF00044404264EB0101141E73F151
:1004E000000405DB1C464FF00043524263EB04035B
:1004F000994208BF904230BD30B50B4601460020FE
:100500002022012409E021FA02F59D4205D303FAD5
:1005100002F5491B04FA02F52844151EA2F1010256
:10052000F1DC30BD202A04DB203A00FA02F1002081
:1005300070479140C2F1200320FA03F31943904021
:100540007047202A04DB203A21FA02F0002170478C
:1005500021FA02F3D040C2F120029140084319462B
:10056000704710B5141E73F1000408DA401C41F105
:10057000000192185B411A4301D120F0010010BD27
:100580002DE9F04D92469B4611B1B1FA81F202E09D
:10059000B0FA80F220329046FFF7C4FF04460F46BF
:1005A00040EA0A0041EA0B0153465A46084313D079
:1005B000114653EA010019D0C8F140025046FFF736
:1005C000C0FF05460E46504659464246FFF7AAFF71
:1005D000084305D0012004E020463946BDE8F08DEF
:1005E0000020054346EAE0762C4337430A9863052A
:1005F000E40AA0EB08000022FD0A44EA47540A304E
:1006000002D500200146E9E7010510196941DDE93D
:10061000084500196941BDE8F04DA2E72DE9FE4FFC
:10062000804681EA0300C00F0C46009021F0004193
:1006300023F00045B8EB0200A94105D2404621460F
:1006400090461C460B46024623F00040104347D01C
:10065000270DC7F30A00C3F30A510290401A019014
:1006600040286BDAC3F3130040F4801B00989246D5
:1006700020B10023D2EB030A63EB0B0B0198594620
:10068000C0F140025046FFF74DFF06460D4650466A
:100690005946019A00F094F810EB080061410024DB
:1006A00087EA115284EAE7731A4340D0009A62B392
:1006B000019A012A4FEA075215DC001B61EB020187
:1006C0004FF0004202EA0752CDE90042001C41F51A
:1006D000801132462B46FFF753FF03B0BDE8F08F81
:1006E00040462146F9E7001B61EB0201001C41F581
:1006F000801300185B412018A2F5001747EB030197
:1007000040EAD570B6196D4111E06D084FEA360622
:1007100045EAC0754FEA0752001B61EB0201001C5D
:1007200041F5801149084FEA300000195141324625
:100730002B4603B0BDE8F04FFFF713BF009801222E
:1007400040000023D0EB020263EBE07300982146E7
:100750004FEAE074B8EB000061EB0401E9E783F0D5
:1007600000435BE781F0004158E7C1F30A52C1F34F
:10077000130140F2FF3341F480119A4202DA002063
:100780000146704740F233439A42A2F2334202DC00
:100790005242FFF7D6BEFFF7C5BE0000064C074D1C
:1007A00006E0E06840F0010394E807009847103441
:1007B000AC42F6D3FFF7ECFCBC9C0008DC9C0008C4
:1007C000202A06DBCB17203A41FA02F043EAE07315
:1007D00006E041FA02F3D040C2F120029140084302
:1007E00019467047FEE7000007480168C90103D4B5
:1007F000016841F080710160044800214160016896
:1008000041F0010101607047FCED00E0001000E0E4
:10081000704772B6FEE7000030B5B3F5804F05D0E3
:100820006FF0704140F82210002030BD8C690B68D9
:100830008D6823434C688989240144EA05242343B5
:1008400043EA014150F82230014C23401943E9E7C3
:100850000000F0CF10B50A6850F8223023F00103F1
:1008600040F822308C68082C23D000234A682243A9
:10087000CC681C430B6922431A434B690E4C1A4344
:10088000CB691A430B6A1A434B6A1A438B6A1A43A1
:10089000CB6A1A430B6B1A438B691343CA6B096803
:1008A0001A4350F82130A343134340F8213000206D
:1008B00010BD4023DAE700007FFF0F0030B5D1E91B
:1008C000003443EA04138C688D89240244EA054409
:1008D00023430C8A074D00EB820005EB04542343AD
:1008E0000C7D6D0105EB0464896923430B43436070
:1008F000002030BD0000F0FF70B5044600F052F952
:100900000546601C02D004480078044400F04AF90F
:10091000401BA042FAD370BD08000020F0B587B09C
:1009200014216846FFF786FC15480168002924D188
:100930000121016013480024016841F001010160B8
:100940000068022500F0010005904FF68070CDE9A7
:10095000000502AA03260C2782E8D00069460A484F
:1009600000F016F84EF2B370CDE9000502AA694610
:1009700082E8D000054800F00BF807B0F0BD000099
:10098000000000203838024000100240000C0240F5
:100990002DE9F84FDFF8BCA10022012503264FF016
:1009A0000F090AF1040BAAF1040E00BF0B6805FA47
:1009B00002F42340A34270D10F7907F00307012FFF
:1009C00001D0022F16D187684FEA420806FA08FCC8
:1009D00027EA0C07D1F80CC00CFA08FC4CEA070C0B
:1009E000C0F808C04768A7430C79C4F300149440CA
:1009F0003C4344600C79E443A4070AD0C4684FEA3E
:100A0000420C06FA0CF7BC438F6807FA0CF7274331
:100A1000C7600C7904F00304022C12D1D40800EB57
:100A2000840CDCF820405707FF0E09FA07F824EA87
:100A30000804D1F8108008FA07F848EA0408CCF84E
:100A4000208004684FEA420C06FA0CF7BC430F7989
:100A500007F0030707FA0CF7274307604C6814F404
:100A6000403F70D03C4C276847F48047276024689B
:100A700022F0030704F480440094384C07EB040C84
:100A8000DCF8084897074FEA177809FA08F7BC43DB
:100A9000334FB84202D1002724E054E0314FB8422E
:100AA00001D101271EE0304FB84201D1022719E0E1
:100AB0002E4FB84201D1032714E02D4FB84201D187
:100AC00004270FE02B4FB84201D105270AE02A4F37
:100AD000B84201D1062705E0284FB84201D10727C7
:100AE00000E0082707FA08F72743CCF80878DAF877
:100AF00000405746D1F804C09C435FEACC2C00D597
:100B00001C433C60DBF800405F46D1F804C09C43C6
:100B10005FEA8C2C00D51C433C60DEF80040774631
:100B2000D1F804C09C435FEA8C3C00D51C433C6078
:100B3000084F083F3C68D1F804C09C435FEACC3CB6
:100B400000D51C433C60521C102AFFF42FAFBDE8B7
:100B5000F88F0000083C014044380240003001405A
:100B6000000002400004024000080240000C024065
:100B7000001002400014024000180240001C024015
:100B80000069084000D001207047426921EA020351
:100B90000A4043EA0241816170470AB181617047AE
:100BA0000904FBE701488068704700000800002046
:100BB0000248816802781144816070470800002073
:100BC0000B4810B5016841F400710160016841F4FF
:100BD00080610160016841F480710160032000F0D0
:100BE00061F80F2000F006F800F024F8002010BD96
:100BF000003C024070B50D4D04464FF47A712878E0
:100C0000B1FBF0F00A490968B1FBF0F000F02CFBF1
:100C100048B9102C07D200222146501E00F022F8BD
:100C200000206C6070BD012070BD00000800002035
:100C3000140000200A4808B5016841F480410160B1
:100C4000006800F4804000900548001F016841F0F2
:100C500080510160006800F08050009008BD0000E5
:100C600044380240F0B40E4B1B680C46C3F3022319
:100C7000C3F10705042D00D90425191D072901D248
:100C8000002300E0DB1E012606FA05F1491E214083
:100C900099409E40761E16403143F0BC00F0CEBD18
:100CA0000CED00E0064900F0070208684FF6FF036C
:100CB000184040EA0220034A1043086070470000D1
:100CC0000CED00E00000FA052DE9F0470E460500A6
:100CD00065D0DFF81481D8F80000F7B200F0070003
:100CE000B04207D288F80070D8F8000000F0070082
:100CF000B04254D128683D4C810712D5400703D536
:100D0000206840F4E05020602878000703D5206870
:100D100040F4604020602068A96820F0F00008439B
:100D200020602878C0072DD030496868083901282C
:100D300012D0022813D0032811D00968890700298E
:100D40002DDA216821F0030101432160FFF72AFF1A
:100D5000814641F2883A0EE009688903EFE70968A5
:100D60008901ECE7FFF71EFFA0EB0901514502D90D
:100D70000320BDE8F0872068696800F00C00B0EB44
:100D8000810FEFD1D8F80010404601F00701B142C1
:100D900007D90770006800F00700B04201D00120B9
:100DA000E7E72878400705D52068E96820F4E05097
:100DB000084320602878000706D52068296920F4B8
:100DC000604040EAC100206000F038F82168084A1D
:100DD000C1F30311515CC840064908600648006829
:100DE000FFF708FF0020C4E7003C0240083802403B
:100DF000846C0008140000200C0000200448054901
:100E000000680968044AC1F38221515CC8407047F8
:100E10001400002008380240946C0008044805497A
:100E200000680968044AC1F34231515CC840704708
:100E30001400002008380240946C0008154810B5D2
:100E4000006810F00C02144813D04110042A0FD08F
:100E5000082A0ED10F4C241F2268236802F03F029B
:100E60005B0207D52068C0F38810A0FB010106E0F3
:100E7000084610BD2168C1F38811A1FB00010023C1
:100E8000FFF7A0F92168C1F30141491C4900B0FBFB
:100E9000F1F010BD083802400024F4002DE9F84FAD
:100EA00004006ED02078DFF84C93C007A9F1040548
:100EB0004AD009F104000168C1F38101012908D079
:100EC0000068C0F3810002280AD1D9F8000040026E
:100ED00006D52868800337D560680028E1D033E064
:100EE0006068B0F5803F10D0B0F5A02F286810D012
:100EF00020F480302860286820F480202860606812
:100F0000A8B1FFF74FFE06460DE0286840F4803098
:100F1000F4E740F480202860F7E700BFFFF742FEC7
:100F2000801B642873D828688003F7D50CE0FFF78E
:100F300039FE064605E000BFFFF734FE801B64283B
:100F4000F0D828688003F7D42078DFF8AC828007D7
:100F50004FF0000A3ED5A748001D016811F00C0FA4
:100F600008D00068C0F3810002280BD1D9F8000036
:100F7000400207D42868800716D5E068012800D110
:100F800012E033E1E068B8B10120C8F80000FFF7D3
:100F900009FE064605E000BFFFF704FE801B02289D
:100FA000C0D828688007F7D52868216920F0F800A4
:100FB00040EAC10028600DE0C8F800A0FFF7F2FD8C
:100FC000064604E0FFF7EEFD801B02281FD82868C4
:100FD0008007F7D42078000722D5864F87486169BB
:100FE000703771B101210160FFF7DCFD064604E0B6
:100FF000FFF7D8FD801B022809D838688007F7D58D
:101000000EE0C0F800A0FFF7CDFD064605E082E047
:10101000FFF7C8FD801B02287DD838688007F7D409
:101020002078400768D5DFF8CCB100270BF13C0BE6
:10103000DBF80000C0000BD4DBF8001041F0805159
:10104000CBF80010DBF80000012700F08050009082
:101050006B4E3068C00510D4306840F4807030604A
:10106000FFF7A0FD009005E0FFF79CFD0099401AF6
:10107000022850D83068C005F6D55E4EA0686C36A0
:1010800001280FD00528306810D020F00100306012
:10109000306820F004003060A068B8B1FFF782FD2E
:1010A00000900FE0306840F00100F4E740F00400E9
:1010B0003060F7E7FFF776FD0099411A41F288307A
:1010C000814266D830688007F4D50EE0FFF76AFDEC
:1010D000009007E0FFF766FD0099411A41F2883061
:1010E000814256D830688007F4D42FB1DBF8001065
:1010F00021F08051CBF80010A069C8B33D49091D0B
:101100000968C1F3810102294AD00228504607D05C
:10111000C8F8600000E03CE0FFF744FD04463BE017
:101120004746C8F86000FFF73DFD064605E000BFF2
:10113000FFF738FD801B02282BD828688001F7D4E0
:10114000D4E907010843A16A2E4A490802EB01418C
:10115000626A41EA8211084394F82C1040EA016166
:10116000C9F8001001203866FFF71CFD044606E0B0
:101170003EE000BFFFF716FD001B022809D82868D3
:101180008001F7D534E000BFFFF70CFD001B0228FB
:1011900002D90320BDE8F88F28688001F4D427E045
:1011A0000128F7D0D9F80000E26900F480019142EB
:1011B0001CD1226A00F03F01914217D147F6C0715D
:1011C000626A0140B1EB821F10D1A26A4FF0FF3377
:1011D00000F4403103EB5202B1EB024F06D194F818
:1011E0002C1000F07060B0EB016F01D00120D1E74E
:1011F0000020CFE70438024000004742800E4742FB
:10120000007000400000FFFF70B515460E46040058
:1012100003D094F8490010B107E0012070BD002010
:1012200084F84800204600F01DF804F10801206809
:10123000FFF710FB3146A2682068FFF73FFBD4E9B7
:1012400001022946236BFFF7E7FA2168A06851F8ED
:10125000202042F0010241F82020012084F84900BA
:10126000002070BDFFF75ABB10B5401EB0F1807F63
:1012700001D3012010BD4FF0E02460610F21601701
:1012800000F0DCFA0020A06107202061002010BDE2
:1012900070B5040004D094F84100002510B106E0B8
:1012A000012070BD84F84050204600F023F824202F
:1012B00084F841002068C16821F40051C1602046D3
:1012C00000F0D8F92068016921F49041016120689B
:1012D000416921F02A0141612068C16841F400514F
:1012E000C1606564202084F8410084F84200656391
:1012F000002070BD10B586B0044614216846FEF784
:1013000099FF14492068884221D1134800210268BE
:1013100042F010020260006800F0100005900E48D4
:101320001438026842F001020260006800F0010017
:1013300005904FF4C06000900220CDE90101032028
:1013400003900720049069460448FFF721FB06B08C
:1013500010BD00000010014044380240000002406F
:101360002DE9F843044690F84100984616460D468C
:10137000202802D00220BDE8F88385B17EB100208C
:101380006064212084F84100FFF70CFCA6848146AC
:10139000E684A0682027B0F5805F02D003E001203A
:1013A000E9E7206910B12E4600250EE000260CE08A
:1013B0008021204600F0E4F9A8B9C6B116F8010B67
:1013C00021684860E08C401EE084E08C4B464FF082
:1013D0000002CDF800800028EAD14FF040012046FD
:1013E00000F0CEF940B184F841700320C3E735F82E
:1013F000020BC0F30800E3E784F841700020BAE76D
:10140000FEE7000030B58FB01C216846FEF712FFE2
:101410001C2107A8FEF70EFF1A484FF020411022AA
:1014200001601949416000218160C160C0E9041276
:101430008161C16113020162C0E909139302C0E92D
:101440000B134163816341640DF10C0C11258CE891
:10145000260002200F2305248DE81900CDE906108F
:101460000AA880E826000D91CDE9083407AA69464C
:101470000448FFF7C9FE002801D0FFF7CAF90FB0F2
:1014800030BD00006C000020040100A0F0B587B062
:1014900014216846FEF7CEFE25480025016841F07C
:1014A00080010160016801F080010591016841F04F
:1014B00001010160016801F001010591016841F03D
:1014C00002010160016801F002010591016841F02B
:1014D00010010160016801F010010591016841F0FF
:1014E000080101600068134E00F008000590012219
:1014F000C0213046FFF751FB0F4F00220221384632
:10150000FFF74BFBC0200124CDE900040320CDE907
:10151000024069463046FFF73BFA02208DE8310071
:10152000694638460395FFF733FA07B0F0BD00006F
:101530003038024000000240000402400C4810B560
:101540000A4901604FF4E1314160002181600C22C1
:10155000C160C0E904128161C161FFF799FE0028F2
:1015600003D0BDE81040FFF754B910BD0010014092
:10157000BC000020FEE7FEE770477047FFF718BB8E
:1015800030B593B030216846FEF754FE14210CA804
:10159000FEF750FE1D480025016841F080510160B2
:1015A000006800F0805011901948016841F48041B2
:1015B00001600068022400F4804011900120039033
:1015C00010200490009406940820CDE90750A8202C
:1015D000CDE9090404200B906846FFF75FFC08B1D1
:1015E00072B6FEE70CA90F2081E831004FF4A0503D
:1015F0000F904FF48050109005210CA8FFF764FB6A
:10160000002801D072B6FEE713B030BD403802406A
:10161000007000400248016841F4700101607047A9
:1016200088ED00E001680C3151E8002F22F490723F
:1016300041E80023002BF5D10168143151E8002F57
:1016400022F0010241E80023002BF5D1016B0129B2
:1016500009D101680C3151E8002F22F0100241E855
:101660000023002BF5D1202180F8421000210163D6
:101670007047000070B5044600680169E26821F413
:101680004051114301612169A068E2690843616921
:10169000114308432168CA6849F20C639A43024324
:1016A000CA6020684169A26921F440711143416117
:1016B00031492068884202D03049884202D1FFF780
:1016C000ADFB01E0FFF79AFBE269002319216425D5
:1016D0003226B2F5004F626828D0A0FB0101930FBB
:1016E0009200FEF76FFD0146B0FBF5F06FF01802B7
:1016F000504301EB800006EB0010B0FBF5F000F06A
:10170000F002B1FBF5F002EB0012B1FBF5F06FF067
:101710001803584301EB800006EB0010B0FBF5F016
:1017200000F00F0021681044886070BDA0FB01012B
:1017300092185B41FEF746FD0146B0FBF5F0020151
:10174000B1FBF5F06FF01803584301EB800006EB96
:10175000C000B0FBF5F000F0F80002EB4002B1FB76
:10176000F5F0584301EB800006EBC000B0FBF5F04C
:1017700000F00700D6E7000000100140001401400F
:101780002DE9F843984617460D460446089E24E086
:10179000701C22D0FFF706FAA0EB0800B0421AD85E
:1017A000CEB12068C168490717D5802D15D0402DCE
:1017B00013D00168C94309070FD4016800254068A8
:1017C00000902046FFF72EFF0820606484F8405008
:1017D0000120BDE8F8830320FBE72068006835EAB4
:1017E000000004D00020B842D2D00020F1E7012050
:1017F000F9E7FEE70FB4054B10B503A9044A0298B8
:1018000000F0FEF810BC5DF814FB0000D9240008BD
:10181000680000200FB4084B10B504A902AA039871
:1018200000F0EEF8044602A9002000F06CFC20460F
:1018300010BC5DF814FB0000072100080907090E21
:10184000002804DB00F1E02080F80014704700F06D
:101850000F0000F1E02080F8141D704702E008C876
:10186000121F08C1002AFAD170477047002001E01A
:1018700001C1121F002AFBD1704700002DE9FF5F54
:1018800082B00021DDE90430020DDDF840B00343F1
:1018900018D044F61050A2F2FF32424315141198AA
:1018A00001281FD0A5EB0B00401C5FEA000A4FF097
:1018B00000064E4FDFF83891B046504615D5CAF1B4
:1018C000000413E0119801244AA3012801D16FEA12
:1018D0000B010298119AC0E90031C0E9024206B03A
:1018E000BDE8F09FCBF10000DFE704460021404A4D
:1018F000491842EB0450CDE9001012E0E00707D090
:1019000032463B4640464946FEF7ADFC8046894696
:1019100032463B4610461946FEF7A5FC06460F46E2
:101920006410002CEAD1DDE90401DDE90023BAF1FD
:10193000000F06DAFEF797FC42464B46FEF793FC93
:1019400005E0FEF702FD42464B46FEF7FEFC04466C
:101950000E460022284BFEF7B7FD03D84FF0FF30AC
:10196000014607E00022254B20463146FEF756FE91
:10197000FEF7FBFE102409E0002C0ADB0A220023FC
:10198000FEF720FC039B30321A55641E50EA010218
:10199000F2D1641C039AC4F111031444119A012A70
:1019A00003D0012208430DD10AE0084304D00020EF
:1019B0004FF0110B119072E7A3EB0B056D1E0DE0BC
:1019C0005B4504DD4FF0000205F1010504E003DA98
:1019D0004FF00002A5F10105002AECD00298119900
:1019E000C0E90231C0E9004579E700000000144079
:1019F0000000F03F300000000000F0430000E03F36
:101A00002DE9FF4F95B09A46884606460025EEE13F
:101A1000252877D100242746F94A0121039400E0C4
:101A2000044316F8013F203B01FA03F01042F7D1BE
:101A300030782A2811D06FF02F033078A0F13002CF
:101A4000092A16D8039A44F0020402EB820203EB3F
:101A500042021044761C0390EFE758F8042B0392DF
:101A6000002A03DA504244F40054039044F0020484
:101A7000761C30782E2816D116F8010F44F0040495
:101A80002A280DD06FF02F023078A0F13003092BF7
:101A900009D807EB870302EB4303C718761CF3E76B
:101AA00058F8047B761C30786C280FD006DC4C2864
:101AB00017D068280DD06A2814D104E0742810D0FB
:101AC0007A280FD10DE044F400140AE044F48014A5
:101AD00001E044F440147278824202D104F580148B
:101AE000761C761C307866280BD013DC582877D00B
:101AF00009DC002875D04528F6D04628F4D04728C0
:101B00001AD193E118E0632835D0642879D065288C
:101B100012D18BE1702873D008DC6728F1D06928D6
:101B20006FD06E280DD06F2806D1ACE073282CD072
:101B3000752874D0782853D05246179990476D1C59
:101B400054E1C4F30250022809D003280DD0D8F87C
:101B5000001004280DD00D6008F1040846E1D8F803
:101B60000010EA17C1E90052F6E7D8F800100D801E
:101B7000F2E70D70F0E718F8041B8DF80010002054
:101B80008DF80100EB46012003E058F804BB4FF04C
:101B9000FF3061074FF0000102D40DE009F10101AF
:101BA0008946B9420FDA8145F8DB1BF80910002994
:101BB000F4D108E009F1010189468142FADB1BF802
:101BC00009100029F6D103985346A0EB09072146D6
:101BD0003846179A00F080FA284400EB090507E020
:101BE00044E008E10DE01BF8010B524617999047BD
:101BF000B9F10109F7D2534621463846179AF2E067
:101C000039E00A21C4F302524FF0000B0091022A7E
:101C100006D058F8040BC117032A09D00AE023E0C4
:101C200008F1070020F00702F2E80201904605E003
:101C300000B2C117042A01D140B2C117002906DA47
:101C40000A460021404261EB02012D2202E02205FA
:101C500004D52B228DF80420012203E0E20701D0F5
:101C60002022F7E7914657E00A2100E010214FF0CB
:101C7000000B00910BE010214FF0000B44F0040426
:101C80000827009103E008204FF0000B0090C4F3F8
:101C90000252022A05D058F8040B0021032A08D06A
:101CA00008E008F1070020F00702F2E80201904680
:101CB00003E080B2042A00D1C0B24FF0000922072D
:101CC0002AD53278702A07D0DDF800C08CF0100CCD
:101CD0005CEA0B0C05D00EE040228DF804200122B6
:101CE00008E050EA010306D030238DF804308DF867
:101CF000052002229146009B83F0080353EA0B0360
:101D00000AD150EA010201D1620705D530228DF8CF
:101D100004204FF001097F1E3278582A04D039A2DE
:101D20000C920CAA02920BE03BA2F9E75B46009AE8
:101D3000FEF748FA0C9B9B5C029A521E02921370AB
:101D400050EA0102F2D1029804A9081A00F1200B0E
:101D5000600702D524F4803400E001275F4502DDEE
:101D6000A7EB0B0000E0002000EB0B0100900398B4
:101D70004944401A0390E00306D453462146179A7B
:101D8000039800F0A9F90544002706E001A852468F
:101D9000C05D179990476D1C7F1C4F45F6DBE00333
:101DA0000CD553462146179A039800F095F905443F
:101DB00004E030205246179990476D1C0099481E48
:101DC00000900029F5DC08E002980299524600785C
:101DD000491C0291179990476D1CBBF10001ABF1B2
:101DE000010BF1DC5BE100F065F90544761C30780D
:101DF00000287FF40DAE19B02846BDE8F08F000032
:101E000009280100303132333435363738396162D0
:101E10006364656600000000303132333435363794
:101E2000383941424344454600000000600700D471
:101E3000062708F1070020F00700F0E8022380469B
:101E400003F0004C5FEA0C0001D097A009E02005E8
:101E500001D596A005E0E00701D095A001E0AFF222
:101E60004C001390307823F0004365280CD006DC3A
:101E7000452809D046281DD047287FD13BE0662859
:101E800018D067287AD136E00021112F01DB11200C
:101E900000E0781CCDE9000104A90CA8FFF7EEFCD6
:101EA000DDE90D010C9A4FF0000B07F101091092CA
:101EB00000914EE04FF000400097CDE9011004A9D9
:101EC0000CA8FFF7DBFCDDE90D020C9B0F994FF02E
:101ED000000B91461093009211B9791C00EB010997
:101EE000B7EB090003D4C0F1FF3B07F10109A9EBEF
:101EF0000700019042E0012F00DA01270021112F95
:101F000001DD112000E03846CDE9000104A90CA84C
:101F1000FFF7B4FCDDE90D010C9A00914FF0000BC6
:101F2000B946109221070FD4009A4A4503DA914628
:101F300001E0A9F10109B9F1010F05DD109AA9F13C
:101F40000101515C3029F4D0B84202DA10F1040FDB
:101F500003DA0121CDE9011010E0002803DC8344FD
:101F6000A9EB000102E0411C494500DD8946A0EBD8
:101F70000B00401C01904FF000400290200705D458
:101F80000198484502DB4FF0FF30019000208DF8AA
:101F90004B0002980DF14B07B0F1004F25D0022005
:101FA0000C902B200D90029800280CDA40420290F1
:101FB0002D200D9007E00A210298FEF79DFA30319E
:101FC000029007F8011D0C99481E0C900029F2DCC4
:101FD00002980028EFD1791E0D980870307800F033
:101FE000200040F0450007F8020D11A8C01BC01DDD
:101FF00002901398007800B1012000EB09010198CC
:1020000001EBE071029801440398401A401E0390CE
:10201000E00306D453462146179A039800F05CF873
:1020200005441398007818B15246179990476D1CD3
:10203000E00323D553462146179A039800F04CF845
:1020400005441BE0BBF1000F07DB0098584504DD99
:102050001098179910F80B0001E01799302052469C
:10206000904701980BF1010B401E05F1010501900D
:1020700004D12E205246179990476D1CB9F10001EA
:10208000A9F10109DEDC05E017F8010B52461799AA
:1020900090476D1C0299481E02900029F4DC5346BB
:1020A0002146179A03989EE62D0000002B000000A1
:1020B000200000002DE9F041044600251E46174689
:1020C000880404D405E039462020B0476D1C641E06
:1020D000F9D52846BDE8F0812DE9F04104460025F8
:1020E0001E469046C80301D5302700E0202788040B
:1020F00004D505E041463846B0476D1C641EF9D54D
:102100002846BDE8F0810A68531C0B6010707047C8
:1021100000F088BD70B514460D46064606E0304610
:10212000711C8EB200F006F805F8010B641EA4B213
:10213000F5D270BD10B5044600F02EFE200AA02195
:1021400001EB4000C0B200F0F7FD00F06BFEE0B222
:1021500000F0F2FD00F066FE00F01EFEA12000F08F
:10216000EBFD00F05FFE002000F0B2FD044600F041
:1021700039FE204610BD000070B514460D460646D7
:1021800007E000BF3046721C15F8011B96B200F044
:1021900004F8641EA4B2F5D270BD70B50D460446B5
:1021A00000F0FAFD200AA02101EB4000C0B200F0CF
:1021B000C3FD00F037FEE0B200F0BEFD00F032FEDD
:1021C000284600F0B9FD00F02DFE00F00BFEBDE842
:1021D00070400A2000F064B970B5134D4FF40064EC
:1021E000002221462846FEF7D8FC022000F05EF9C6
:1021F0000E4E012211463046FEF7CFFC022000F0C1
:1022000055F9002201213046FEF7C7FC022000F0FC
:102210004DF9012221462846FEF7BFFCBDE870407B
:10222000022000F043B90000001402400004024004
:10223000144800B5016887B041F0020101600168EF
:1022400001F002010591016841F020010160006880
:10225000112100F0200005900120CDE9000102903D
:102260000320039069460848FEF792FB4FF4006094
:10227000009069460548FEF78BFB00F0B9F807B0FF
:1022800000BD00003038024000040240001402404B
:1022900010B50122D1020C48FEF77FFC022000F0AD
:1022A00005F90A4C012211462046FEF776FC022071
:1022B00000F0FCF8002201212046FEF76EFCBDE88C
:1022C0001040022000F0F2B8001402400004024066
:1022D0002DE9F0470024DFF85890164E07462546B2
:1022E0004FF400686006040E012211463046FEF7E6
:1022F00054FC022000F0DAF841464846FEF740FC64
:1023000008B1641CE4B2002201213046FEF745FC0E
:10231000022000F0CBF86D1CEDB2082DE2D327B1FE
:10232000FFF75AFF2046BDE8F087FFF7B1FFF9E756
:1023300000140240000402402DE9F041DFF858800B
:10234000164E054600244FF40067280601D50122E9
:1023500000E0002239464046FEF71FFC022000F054
:10236000A5F8012211463046FEF717FC022000F0C6
:102370009DF8002201213046FEF70FFC6806641C20
:10238000050EE4B2082CE0D339464046BDE8F041E2
:102390000122FEF702BC00000014024000040240CB
:1023A00070B50122104DD40221462846FEF7F5FBF8
:1023B0000E4E012211463046FEF7EFFB022000F0E0
:1023C00075F8002221462846FEF7E7FB022000F0C0
:1023D0006DF8002201213046FEF7DFFBBDE87040BA
:1023E000022000F063B80000001402400004024024
:1023F00070B50E4D4FF40064002221462846FEF7CA
:10240000CCFB022000F052F8012211460848FEF7EA
:10241000C4FB022000F04AF8012221462846FEF7BC
:10242000BCFBBDE87040022000F040B80014024040
:10243000000402402DE9F0410122174F0024D6028A
:10244000254631463846FEF7A8FB022000F02EF85C
:10245000DFF84880012211464046FEF79EFB07E068
:10246000641CE4B2FA2C03D9FFF7C2FF012508E08F
:10247000022000F01BF831463846FEF781FB0028A9
:10248000EED1002201214046FEF787FB022000F03A
:102490000DF82846BDE8F081001402400004024017
:1024A0004FF47A71484300F001B80000074A10B5B4
:1024B00053680749074C0968B1FBF4F1414300E058
:1024C00000BF5068C01A8842FAD310BD001000E067
:1024D0001400002040420F0013B54FF6FF73012295
:1024E00069460248FEF73CFF00981CBDBC00002076
:1024F0002DE9F0413C4888B00025016841F0040115
:102500000160016801F004010691016841F00201D7
:10251000016000684FF4005600F0020006900124AC
:10252000CDE901640327DFF8C480CDE9034701A9A1
:102530004046FEF72DFA0220CDE90105CDE903471B
:1025400001A92B48FEF724FAFFF772FE002231465C
:102550004046FEF722FB1420FFF7A2FF012231467E
:102560004046FEF71AFB3220FFF79AFF8DF8005025
:1025700001226946002000F013F901226946A420D7
:1025800000F00EF916208DF8000001226946802027
:1025900000F006F90C208DF8000001226946882021
:1025A00000F0FEF802226946A12000F029F89DF80B
:1025B0000010302903D19DF8010003280BD09DF8AD
:1025C0000100012807D0022805D001B918B1012067
:1025D00008B0BDE8F081C0B200EB012105A0FFF713
:1025E00009F90020F4E700003038024000080240FA
:1025F000000402404354502049443A25780D0A0013
:102600002DE9F04115460E460446FFF7C9FE70203D
:10261000FFF792FEFFF70EFFE0B2FFF78DFEFFF728
:1026200009FFFFF7BDFE7120FFF786FEFFF702FFEF
:1026300000246F1E09E0BC4201D0012000E0002010
:10264000FFF746FE3055641CE4B2AC42F3D3BDE85C
:10265000F041FFF7CDBE00002DE9FC5F00274C4E96
:102660008DF804704FF00A0B3078DFF82881401C99
:10267000C0B2B0FBFBF20BFB12013C46B946307016
:102680004FF6FF7A09B10A2866D2012201A9022079
:10269000FFF7B6FF9DF8040001075DD000F00F01C1
:1026A000062959D20AFA01F0C04340F44040A8F884
:1026B000340045460420FFF7F3FE4FF00109A98ED0
:1026C00009FA04F001423AD033480422694630F84E
:1026D0001400FFF795FF95F844009DF80010C0071F
:1026E0009DF8010001F00F010ED000EB012105EB78
:1026F000440001849DF802209DF8031002F00F02AF
:1027000001EB0221818110E000EB012023490988BF
:10271000091A05EB440081819DF802209DF8031001
:1027200002F00F0201EB022101849DF80000082154
:10273000B1EB101F03D005EB440007848781641CB4
:10274000E4B2052CBBD3A8894FF0010918B9288C35
:1027500008B98DF8047037709DF80400C0060ED1DA
:10276000B8F83400010402D520F4004005E0A8F8D0
:102770000CA0A8F820A000F46040A8F8340030783D
:10278000F02801D986F800B04846BDE8FC9F00005B
:102790006000002018000020A06C00080401002048
:1027A0002DE9F04116460F4604460025FFF7F8FDD7
:1027B0007020FFF7C1FDFFF73DFEE0B2FFF7BCFD63
:1027C000FFF738FE002408E0385DFFF7B5FDFFF79E
:1027D00031FE050003D1641CE4B2B442F4D3FFF728
:1027E00007FE2846BDE8F0812DE9F043444889B052
:1027F0000024016841F004010160016801F0040156
:102800000791016841F0020101600068012600F0B3
:1028100002004FF400580790CDE90086DFF8E490FD
:10282000032769464846CDE90267FEF7B1F802255D
:1028300001A8009580E8D000334E69463046FEF787
:10284000A7F8FFF7F5FC002241464846FEF7A5F938
:102850000A20FFF725FE012241464846FEF79DF972
:102860000A20FFF71DFECDE90054CDE90247694675
:102870003046FEF78DF86420FFF712FE042205A90A
:1028800048F2401000F058F88DF818401FA105A834
:10289000FDF7DBFC90B11EA105A8FDF7D6FC68B1E1
:1028A0001DA105A8FDF7D1FC40B11DA105A8FDF7AC
:1028B000CCFC18B1012009B0BDE8F08305A91AA02D
:1028C000FEF798FF16A105A8FDF7BFFC10B919493E
:1028D0000A2008708DF8145048F24005012205A91D
:1028E000284600F04BF90A20FFF7DAFD8DF8144076
:1028F000012205A9284600F041F90020DBE700008D
:1029000030380240000802400004024039313100F2
:102910003931343700000000313135380000000013
:1029200039323731000000004354502049443A25E1
:10293000730D0A00610000202DE9F04115460E4696
:102940000446FFF72DFD2820FFF7F6FCFFF772FD88
:10295000200AFFF7F1FCFFF76DFDE0B2FFF7ECFC9A
:10296000FFF768FDFFF71CFD2920FFF7E5FCFFF7E7
:1029700061FD00246F1E09E0BC4201D0012000E08F
:102980000020FFF7A5FC3055641CE4B2AC42F3D341
:10299000BDE8F041FFF72CBD2DE9F14F82B00025D5
:1029A000724C8DF804504FF00A0A6078DFF8C0814D
:1029B000401CC0B2B0FBFAF20AFB12012E46607056
:1029C0004FF6FF7909B10A287DD248F24E1701224D
:1029D00002A93846FFF7B0FF9DF8080001060BD5A5
:1029E000217800F00F00884206D88DF804500122AB
:1029F00001A9384600F0C2F89DF80800010762D02E
:102A0000227800F00F0090425DD809FA00F1C94326
:102A1000B8F8347041F44041A8F8341008EB420192
:102A2000B8F80C304B81B8F82020CA838DF80450D8
:102A3000DFF840B150E0B8F8340001228A40464641
:102A4000104244D04C48042230F811006946FFF788
:102A500073FFBBF80410A1F5AA42103A0CD0A1F5FF
:102A60001842063A08D0A1F5EE42963A04D096F8FC
:102A70004410C90717D103E096F84410C90712D0D3
:102A80009DF802109DF80320BBF8000001EB022125
:102A9000411A9DF8040006EB400081819DF800106A
:102AA0009DF801200EE09DF800009DF8011000EB5C
:102AB00001219DF8040006EB400081819DF8021081
:102AC0009DF8032000E025E001EB022101849DF840
:102AD0000400401C8DF804009DF804102078814209
:102AE000A9D3B8F80C20BBF80030012640469A4222
:102AF00004D8028CBBF802108A420AD99DF808104B
:102B000001F00F0101290CD9C1898181418CA8F8FC
:102B1000201065709DF8080000F08F0080280DD00F
:102B20001CE0217800EB41014A898281C98B018434
:102B300080218DF80810A8F83470EBE7B8F834104D
:102B400040460A0402D521F4004105E0A0F80C90AB
:102B5000A0F8209001F46041A8F834106078F028C3
:102B600001D984F801A03046BDE8FE8F6100002045
:102B70001800002004010020AA6C00082DE9F04193
:102B800016460F4604460025FFF70AFC2820FFF7EB
:102B9000D3FBFFF74FFC200AFFF7CEFBFFF74AFC01
:102BA000E0B2FFF7C9FBFFF745FC002408E0385D01
:102BB000FFF7C2FBFFF73EFC050003D1641CE4B243
:102BC000B442F4D3FFF714FC2846BDE8F0810000BE
:102BD00070B5134D4FF40074002221462846FDF7CE
:102BE000DCFF0220FFF762FC012216023146284674
:102BF000FDF7D3FF0220FFF759FC0022314628469B
:102C0000FDF7CBFF0220FFF751FC012221462846A9
:102C1000FDF7C3FFBDE870400220FFF747BC00008E
:102C200000040240F0B587B014216846FDF702FBAE
:102C300015480024016841F002010160016801F0BB
:102C400002010591016841F002010160006811254F
:102C500000F0020005904FF480700226CDE90005D7
:102C60000A4FCDE9024669463846FDF791FE30022B
:102C7000CDE90005CDE9024669463846FDF788FEF4
:102C800000F0B0F807B0F0BD303802400004024058
:102C900070B50E4C012251022046FDF77EFF022046
:102CA000FFF704FC0122150229462046FDF775FFB7
:102CB0000220FFF7FBFB002229462046FDF76DFFAF
:102CC000BDE870400220FFF7F1BB000000040240A5
:102CD0002DE9F0470024174E804625464FF4007931
:102CE0004FF480776006040E012239463046FDF726
:102CF00054FF0220FFF7DAFB49463046FDF740FF5C
:102D000008B1641CE4B2002239463046FDF745FFA5
:102D10000220FFF7CBFB6D1CEDB2082DE2D3B8F11A
:102D2000000F04D0FFF754FF2046BDE8F087FFF7FF
:102D3000AFFFF9E7000402402DE9F041154F0024F0
:102D400005464FF40078BE15280601D5012200E0A3
:102D5000002241463846FDF720FF0220FFF7A6FB80
:102D6000012231463846FDF718FF0220FFF79EFB8F
:102D7000002231463846FDF710FF6806641C050E38
:102D8000E4B2082CE0D341463846BDE8F0410122C8
:102D9000FDF703BF0004024070B50122104D54023C
:102DA00021462846FDF7F9FE012216023146284643
:102DB000FDF7F3FE0220FFF779FB002221462846AB
:102DC000FDF7EBFE0220FFF771FB0022314628469B
:102DD000FDF7E3FEBDE870400220FFF767BB00008F
:102DE0000004024070B50E4D4FF4007400222146DD
:102DF0002846FDF7D2FE0220FFF758FB0122110200
:102E00002846FDF7CAFE0220FFF750FB01222146AB
:102E10002846FDF7C2FEBDE870400220FFF746BB22
:102E2000000402402DE9F0410122174E0024570210
:102E3000254639463046FDF7B0FE0220FFF736FB47
:102E40004FF48078012241463046FDF7A6FE02206D
:102E5000FFF72CFB07E0641CE4B2FA2C03D9FFF760
:102E6000C1FF012505E039463046FDF789FE0028FF
:102E7000F1D1002241463046FDF78FFE0220FFF7D8
:102E800015FB2846BDE8F0810004024030B587B04C
:102E900014216846FDF7CEF912480024016841F07C
:102EA00001010160016801F001010591016841F033
:102EB000100101600068022500F01000059001205B
:102EC0008DE83100694608480394FDF761FD102044
:102ED0008DE83100694605480394FDF759FD07B0B8
:102EE00030BD0000303802400000024000100240B7
:102EF0002DE9F04100241A4D1A4FDFF86C800126AD
:102F000008B12E7002E0287801281BD10121384633
:102F1000FDF736FE20B910214046FDF731FE88B19D
:102F20000A20FFF7BDFA0020287010214046FDF767
:102F300027FE00B1022401213846FDF721FE60B1D1
:102F400001240AE001213846FDF71AFE28B91021B4
:102F50004046FDF715FE00B92E702046BDE8F08111
:102F600063000020000002400010024070B50949D3
:102F70000646002408884D8821464543204602F035
:102F80005BFF03F0ADF8044801E00680641CAC422E
:102F9000FBD370BD04010020000008602DE9F04F54
:102FA00038492C260A46887192884FF4305A4FF4DB
:102FB000285B41F6631E2B274FF02A0C4FF0F008D8
:102FC00045F210594FF448754FF4A0744FF4F07364
:102FD00058B10C80A1F802804A4530D1A1F808A070
:102FE000A1F80AB03802888141E0A1F800804C8045
:102FF0004A4507D1A1F808A0A1F80AB04FF42C5017
:10300000888105E072450E8105D14F81A1F80CC081
:103010000B804D8002E0A1F80AC08F81A2F5A64086
:10302000103803D0A2F5EE40963801D10C804B80C9
:10303000A2F5184006381FD10B804D801CE0724568
:1030400011D0A2F5184006380DD00E81A1F80AC0A3
:10305000A1F80C70A2F5A64010380BD0A2F5EE40F6
:10306000963807D008E00E81A1F80AC08F810D8044
:103070004B80EFE70B804C80BDE8F04F032002F05F
:1030800019BE0000040100202DE9FF4F80460025F5
:103090001446032082B00F46A0EB440651E0381BD3
:1030A00081B208EB050A01901FFA8AF0059A00F038
:1030B0009BF8781B009081B208EB04091FFA89F095
:1030C000059A00F091F807EB050B1FFA8BF11FFA38
:1030D00089F0059A00F088F807EB04091FFA89F1D6
:1030E0001FFA8AF0059A00F07FF8A8EB050A1FFA8C
:1030F00089F11FFA8AF0059A00F076F8A8EB040926
:103100001FFA8BF11FFA89F0059A00F06DF801980B
:10311000059A81B21FFA8AF000F066F80098059AC5
:1031200081B21FFA89F000F05FF86D1C002E03DAFF
:1031300006EB8506B61D04E0281B06EB8006641E20
:103140000A36A542ABDD06B0BDE8F08F2DE9FE4F93
:10315000161ACDE900104FF000085D1A47464FF0EF
:10316000FF30002E02DD4FF0010102E003D14FF0ED
:1031700000018B4602E08346C6F10006002D02DD09
:103180004FF0010002E003D14FF00000824602E060
:103190008246C5F10005AE4201DD344600E02C4612
:1031A000601C4FF00009029019E000980C9A81B25F
:1031B000019880B200F018F8B0442F44A04504DD17
:1031C0000198A8EB040858440190A74203DD009839
:1031D0003F1B5044009009F101001FFA80F9029949
:1031E0008945E2DDBDE8FE8F10B5144602F024FEED
:1031F00002F076FF0148048010BD00000000086066
:1032000010B5CF2002F060FF002002F051FFC12076
:1032100002F04EFF302002F04BFFED2002F054FF91
:10322000642002F045FF032002F042FF122002F06A
:103230003FFF812002F03CFFE82002F045FF85209F
:1032400002F036FF102002F033FF7A2002F030FF48
:10325000CB2002F039FF392002F02AFF2C2002F0A7
:1032600027FF002002F024FF342002F021FF02207B
:1032700002F01EFFF72002F027FF202002F018FFC7
:10328000EA2002F021FF002002F012FF002002F0ED
:103290000FFFC02002F018FF1B2002F009FFC12021
:1032A00002F012FF012002F003FFC52002F00CFF24
:1032B000302002F0FDFE302002F0FAFEC72002F0BE
:1032C00003FFB72002F0F4FE362002F0FDFE482096
:1032D00002F0EEFE3A2002F0F7FE552002F0E8FE82
:1032E000B12002F0F1FE002002F0E2FE1A2002F00E
:1032F000DFFEB62002F0E8FE0A2002F0D9FEA2208E
:1033000002F0D6FEF22002F0DFFE002002F0D0FE36
:10331000262002F0D9FE012002F0CAFEE02002F0D1
:10332000D3FE0F2002F0C4FE2A2002F0C1FE2820A6
:1033300002F0BEFE082002F0BBFE0E2002F0B8FE36
:10334000082002F0B5FE542002F0B2FEA92002F0DF
:10335000AFFE432002F0ACFE0A2002F0A9FE0F20CF
:1033600002F0A6FE002002F0A3FE002002F0A0FE64
:10337000002002F09DFE002002F09AFEE12002F003
:10338000A3FE002002F094FE152002F091FE17200B
:1033900002F08EFE072002F08BFE112002F088FE64
:1033A000062002F085FE2B2002F082FE562002F05D
:1033B0007FFE3C2002F07CFE052002F079FE10200A
:1033C00002F076FE0F2002F073FE3F2002F070FE46
:1033D0003F2002F06DFE0F2002F06AFE2B2002F06B
:1033E00073FE002002F064FE002002F061FE012066
:1033F00002F05EFE3F2002F05BFE2A2002F064FE37
:10340000002002F055FE002002F052FE002002F0E3
:103410004FFEEF2002F04CFE112002F055FE782006
:10342000FDF76AFABDE81040292002F04DBE10B544
:10343000FF2002F049FEFF2002F03AFE982002F041
:1034400037FE062002F034FEBC2002F03DFE0120D3
:1034500002F02EFE0F2002F02BFE612002F028FE6B
:10346000FF2002F025FE012002F022FE012002F0E2
:103470001FFE0B2002F01CFE102002F019FE372068
:1034800002F016FE632002F013FEFF2002F010FE91
:10349000FF2002F00DFE012002F00AFE012002F0E2
:1034A00007FE002002F004FE002002F001FEFF20D3
:1034B00002F0FEFD522002F0FBFD012002F0F8FDBB
:1034C000002002F0F5FD402002F0F2FDBD2002F0E8
:1034D000FBFD012002F0ECFD232002F0E9FD452078
:1034E00002F0E6FD672002F0E3FD012002F0E0FDBE
:1034F000232002F0DDFD452002F0DAFD672002F016
:10350000D7FDBE2002F0E0FD002002F0D1FD012039
:1035100002F0CEFDAB2002F0CBFD602002F0C8FD32
:10352000222002F0C5FD222002F0C2FD222002F07E
:10353000BFFD222002F0BCFD222002F0B9FDC72011
:1035400002F0C2FD362002F0B3FDED2002F0BCFD1A
:103550007F2002F0ADFD0F2002F0AAFDC02002F096
:10356000B3FD0F2002F0A4FD0B2002F0A1FD0A2004
:1035700002F09EFDFC2002F0A7FD082002F098FD5D
:10358000DF2002F0A1FD002002F092FD002002F0F9
:103590008FFD002002F08CFD002002F089FD00204C
:1035A00002F086FD202002F083FDF32002F08CFD66
:1035B000742002F07DFDB42002F086FD002002F0B0
:1035C00077FD002002F074FD002002F071FDF7206D
:1035D00002F07AFD822002F06BFDB12002F074FD52
:1035E000002002F065FD132002F062FD132002F0BE
:1035F0005FFDF22002F068FD802002F059FD0420FA
:1036000002F056FD402002F053FD282002F050FD4C
:10361000C12002F059FD172002F04AFD882002F077
:1036200047FD882002F044FD202002F041FDE0200B
:1036300002F04AFD002002F03BFD0A2002F038FDB6
:10364000122002F035FD102002F032FD0E2002F0B3
:103650002FFD202002F02CFDCC2002F029FD0720B8
:1036600002F026FD062002F023FD0B2002F020FDD3
:103670000E2002F01DFD0F2002F01AFD0D2002F0B9
:1036800017FD152002F014FD102002F011FD00209E
:1036900002F00EFDE12002F017FD002002F008FD0F
:1036A0000B2002F005FD132002F002FD0D2002F0B8
:1036B000FFFC0E2002F0FCFC1B2002F0F9FC712044
:1036C00002F0F6FC062002F0F3FC062002F0F0FC0B
:1036D0000A2002F0EDFC0F2002F0EAFC0E2002F0BE
:1036E000E7FC0F2002F0E4FC152002F0E1FC0C20C6
:1036F00002F0DEFC002002F0DBFC2A2002F0E4FCF9
:10370000002002F0D5FC002002F0D2FC012002F0E3
:10371000CFFCDF2002F0CCFC2B2002F0D5FC0020F7
:1037200002F0C6FC002002F0C3FC032002F0C0FC43
:103730001F2002F0BDFC3A2002F0C6FC552002F02A
:10374000B7FC362002F0C0FC002002F0B1FC1120D2
:1037500002F0BAFC7820FDF7CFF8292002F0B4FC83
:103760001420FDF7C9F8BDE810402C2002F0ACBCD5
:1037700010B5ED2002F0A8FC012002F099FCFE201B
:1037800002F096FCEE2002F09FFCDE2002F090FC9E
:10379000212002F08DFCF12002F096FC012002F0C5
:1037A00087FCDF2002F090FC102002F081FCC42096
:1037B00002F08AFC8F2002F07BFCC62002F084FC21
:1037C000002002F075FCE22002F072FCE22002F020
:1037D0006FFCE22002F06CFCBF2002F075FCAA2016
:1037E00002F066FCB02002F06FFC0D2002F060FCDD
:1037F000002002F05DFC0D2002F05AFC002002F0D7
:1038000057FC112002F054FC002002F051FC19205A
:1038100002F04EFC002002F04BFC212002F048FC9C
:10382000002002F045FC2D2002F042FC002002F0B6
:103830003FFC3D2002F03CFC002002F039FC5D2002
:1038400002F036FC002002F033FC5D2002F030FC78
:10385000002002F02DFCB12002F036FC802002F0A6
:1038600027FC002002F024FC8B2002F021FC002029
:1038700002F01EFC962002F01BFC002002F018FC57
:10388000B22002F021FC002002F012FC002002F025
:103890000FFC022002F00CFC002002F009FC0320C7
:1038A00002F006FC002002F003FCB32002F00CFC46
:1038B000002002F0FDFB002002F0FAFB002002F0E5
:1038C000F7FB002002F0F4FB002002F0F1FB0020E7
:1038D00002F0EEFB002002F0EBFB002002F0E8FB20
:1038E000002002F0E5FB002002F0E2FB002002F0E5
:1038F000DFFB002002F0DCFB002002F0D9FB0020FF
:1039000002F0D6FB002002F0D3FB002002F0D0FB37
:10391000002002F0CDFB002002F0CAFB002002F0E4
:10392000C7FB002002F0C4FB002002F0C1FB002016
:1039300002F0BEFB002002F0BBFB002002F0B8FB4F
:10394000B42002F0C1FB8B2002F0B2FB002002F099
:10395000AFFB962002F0ACFB002002F0A9FBA120F7
:1039600002F0A6FB002002F0A3FBB52002F0ACFBA6
:10397000022002F09DFB002002F09AFB032002F0DF
:1039800097FB002002F094FB042002F091FB002042
:1039900002F08EFBB62002F097FB002002F088FBBD
:1039A000002002F085FBB72002F08EFB002002F021
:1039B0007FFB002002F07CFB3F2002F079FB00201F
:1039C00002F076FB5E2002F073FB002002F070FB39
:1039D000642002F06DFB002002F06AFB8C2002F0F4
:1039E00067FB002002F064FBAC2002F061FB0020CA
:1039F00002F05EFBDC2002F05BFB002002F058FBD3
:103A0000702002F055FB002002F052FB902002F0E3
:103A10004FFB002002F04CFBEB2002F049FB0020A2
:103A200002F046FBDC2002F043FB002002F040FBEA
:103A3000B82002F049FB002002F03AFB002002F01F
:103A400037FB002002F034FB002002F031FB0020A5
:103A500002F02EFB002002F02BFB002002F028FBDE
:103A6000002002F025FBBA2002F02EFB242002F0F9
:103A70001FFB002002F01CFB002002F019FB0020BD
:103A800002F016FBC12002F01FFB202002F010FB09
:103A9000002002F00DFB542002F00AFB002002F08F
:103AA00007FBFF2002F004FB002002F001FBC22014
:103AB00002F00AFB0A2002F0FBFA002002F0F8FAFA
:103AC000042002F0F5FA002002F0F2FAC32002F01E
:103AD000FBFA3C2002F0ECFA002002F0E9FA3A206E
:103AE00002F0E6FA002002F0E3FA392002F0E0FAF0
:103AF000002002F0DDFA372002F0DAFA002002F0AE
:103B0000D7FA3C2002F0D4FA002002F0D1FA362095
:103B100002F0CEFA002002F0CBFA322002F0C8FA0E
:103B2000002002F0C5FA2F2002F0C2FA002002F0B5
:103B3000BFFA2C2002F0BCFA002002F0B9FA2920CA
:103B400002F0B6FA002002F0B3FA262002F0B0FA32
:103B5000002002F0ADFA242002F0AAFA002002F0C0
:103B6000A7FA242002F0A4FA002002F0A1FA2320F0
:103B700002F09EFA002002F09BFA3C2002F098FA34
:103B8000002002F095FA362002F092FA002002F0AE
:103B90008FFA322002F08CFA002002F089FA2F20EE
:103BA00002F086FA002002F083FA2C2002F080FA5C
:103BB000002002F07DFA292002F07AFA002002F0BB
:103BC00077FA262002F074FA002002F071FA24201D
:103BD00002F06EFA002002F06BFA242002F068FA7C
:103BE000002002F065FA232002F062FA002002F0C1
:103BF0005FFAC42002F068FA622002F059FA00204D
:103C000002F056FA052002F053FA002002F050FAB2
:103C1000842002F04DFA002002F04AFAF02002F06F
:103C200047FA002002F044FA182002F041FA00207E
:103C300002F03EFAA42002F03BFA002002F038FA2B
:103C4000182002F035FA002002F032FA502002F07B
:103C50002FFA002002F02CFA0C2002F029FA0020A2
:103C600002F026FA172002F023FA002002F020FAD0
:103C7000952002F01DFA002002F01AFAF32002F05B
:103C800017FA002002F014FAE62002F011FA0020E0
:103C900002F00EFAC52002F017FA322002F008FAFC
:103CA000002002F005FA442002F002FA002002F09F
:103CB000FFF9652002F0FCF9002002F0F9F9762006
:103CC00002F0F6F9002002F0F3F9882002F0F0F992
:103CD000002002F0EDF9C62002F0F6F9202002F0F3
:103CE000E7F9002002F0E4F9172002F0E1F90020E2
:103CF00002F0DEF9012002F0DBF9002002F0D8F931
:103D0000C72002F0E1F9002002F0D2F9002002F011
:103D1000CFF9002002F0CCF9002002F0C9F9C82048
:103D200002F0D2F9002002F0C3F9002002F0C0F93D
:103D3000002002F0BDF9002002F0BAF9C92002F01B
:103D4000C3F9002002F0B4F9002002F0B1F900201C
:103D500002F0AEF9002002F0ABF9002002F0A8F961
:103D6000002002F0A5F9002002F0A2F9002002F0E4
:103D70009FF9002002F09CF9002002F099F9002040
:103D800002F096F9002002F093F9002002F090F979
:103D9000002002F08DF9002002F08AF9002002F0E4
:103DA00087F9E02002F090F9162002F081F9002056
:103DB00002F07EF91C2002F07BF9002002F078F975
:103DC000212002F075F9002002F072F9362002F08D
:103DD0006FF9002002F06CF9462002F069F900202A
:103DE00002F066F9522002F063F9002002F060F957
:103DF000642002F05DF9002002F05AF97A2002F006
:103E000057F9002002F054F98B2002F051F90020FC
:103E100002F04EF9992002F04BF9002002F048F927
:103E2000A82002F045F9002002F042F9B92002F082
:103E30003FF9002002F03CF9C42002F039F90020DB
:103E400002F036F9CA2002F033F9002002F030F90E
:103E5000D22002F02DF9002002F02AF9D92002F038
:103E600027F9002002F024F9E02002F021F90020D7
:103E700002F01EF9F32002F01BF9002002F018F9FD
:103E8000E12002F021F9162002F012F9002002F0E0
:103E90000FF91C2002F00CF9002002F009F9222091
:103EA00002F006F9002002F003F9362002F000F9D2
:103EB000002002F0FDF8452002F0FAF8002002F0A0
:103EC000F7F8522002F0F4F8002002F0F1F8642034
:103ED00002F0EEF8002002F0EBF87A2002F0E8F8A9
:103EE000002002F0E5F88B2002F0E2F8002002F05A
:103EF000DFF8992002F0DCF8002002F0D9F8A820C1
:103F000002F0D6F8002002F0D3F8B92002F0D0F881
:103F1000002002F0CDF8C42002F0CAF8002002F020
:103F2000C7F8CA2002F0C4F8002002F0C1F8D2207D
:103F300002F0BEF8002002F0BBF8D82002F0B8F87A
:103F4000002002F0B5F8E02002F0B2F8002002F004
:103F5000AFF8F32002F0ACF8002002F0A9F8E2205C
:103F600002F0B2F8052002F0A3F8002002F0A0F859
:103F70000B2002F09DF8002002F09AF81B2002F0BE
:103F800097F8002002F094F8342002F091F8002015
:103F900002F08EF8442002F08BF8002002F088F83E
:103FA0004F2002F085F8002002F082F8612002F034
:103FB0007FF8002002F07CF8792002F079F80020E8
:103FC00002F076F8882002F073F8002002F070F812
:103FD000972002F06DF8002002F06AF8A62002F0A7
:103FE00067F8002002F064F8B72002F061F80020C2
:103FF00002F05EF8C22002F05BF8002002F058F8F0
:10400000C72002F055F8002002F052F8D12002F04B
:104010004FF8002002F04CF8D62002F049F80020BA
:1040200002F046F8DD2002F043F8002002F040F8EC
:10403000F32002F03DF8002002F03AF8E32002F00D
:1040400043F8052002F034F8002002F031F80A208D
:1040500002F02EF8002002F02BF81C2002F028F8C5
:10406000002002F025F8332002F022F8002002F0B0
:104070001FF8442002F01CF8002002F019F850202C
:1040800002F016F8002002F013F8622002F010F897
:10409000002002F00DF8782002F00AF8002002F06B
:1040A00007F8882002F004F8002002F001F89720B9
:1040B00001F0FEFF002001F0FBFFA62001F0F8FF59
:1040C000002001F0F5FFB72001F0F2FF002001F021
:1040D000EFFFC22001F0ECFF002001F0E9FFC72054
:1040E00001F0E6FF002001F0E3FFD12001F0E0FF46
:1040F000002001F0DDFFD52001F0DAFF002001F003
:10410000D7FFDD2001F0D4FF002001F0D1FFF32024
:1041100001F0CEFF002001F0CBFFE42001F0D4FF3E
:10412000012001F0C5FF002001F0C2FF012001F0D5
:10413000BFFF002001F0BCFF022001F0B9FF00200A
:1041400001F0B6FF2A2001F0B3FF002001F0B0FF1C
:104150003C2001F0ADFF002001F0AAFF4B2001F050
:10416000A7FF002001F0A4FF5D2001F0A1FF0020C7
:1041700001F09EFF742001F09BFF002001F098FFEA
:10418000842001F095FF002001F092FF932001F0C0
:104190008FFF002001F08CFFA22001F089FF00209A
:1041A00001F086FFB32001F083FF002001F080FFC3
:1041B000BE2001F07DFF002001F07AFFC42001F055
:1041C00077FF002001F074FFCD2001F071FF002087
:1041D00001F06EFFD32001F06BFF002001F068FFBB
:1041E000DD2001F065FF002001F062FFF32001F007
:1041F0005FFF002001F05CFFE52001F065FF00207B
:1042000001F056FF002001F053FF002001F050FFA5
:10421000002001F04DFF022001F04AFF002001F0D4
:1042200047FF292001F044FF002001F041FF3C201E
:1042300001F03EFF002001F03BFF4B2001F038FF72
:10424000002001F035FF5D2001F032FF002001F079
:104250002FFF742001F02CFF002001F029FF8420A3
:1042600001F026FF002001F023FF932001F020FF42
:10427000002001F01DFFA22001F01AFF002001F034
:1042800017FFB32001F014FF002001F011FFBE2042
:1042900001F00EFF002001F00BFFC42001F008FF29
:1042A000002001F005FFCD2001F002FF002001F009
:1042B000FFFED32001F0FCFE002001F0F9FEDC201F
:1042C00001F0F6FE002001F0F3FEF32001F0F0FE15
:1042D000002001F0EDFEE62001F0F6FE112001F0D5
:1042E000E7FE002001F0E4FE342001F0E1FE0020B2
:1042F00001F0DEFE562001F0DBFE002001F0D8FECA
:10430000762001F0D5FE002001F0D2FE772001F0EA
:10431000CFFE002001F0CCFE662001F0C9FE002097
:1043200001F0C6FE882001F0C3FE002001F0C0FEAF
:10433000992001F0BDFE002001F0BAFEBB2001F083
:10434000B7FE002001F0B4FE992001F0B1FE00207C
:1043500001F0AEFE662001F0ABFE002001F0A8FEE9
:10436000552001F0A5FE002001F0A2FE552001F02D
:104370009FFE002001F09CFE452001F099FE0020E8
:1043800001F096FE432001F093FE002001F090FE24
:10439000442001F08DFE002001F08AFEE72001F0AC
:1043A00093FE322001F084FE002001F081FE5520B2
:1043B00001F07EFE002001F07BFE762001F078FE09
:1043C000002001F075FE662001F072FE002001F071
:1043D0006FFE672001F06CFE002001F069FE67208F
:1043E00001F066FE002001F063FE872001F060FE10
:1043F000002001F05DFE992001F05AFE002001F03E
:1044000057FEBB2001F054FE002001F051FE992020
:1044100001F04EFE002001F04BFE772001F048FE37
:10442000002001F045FE442001F042FE002001F092
:104430003FFE562001F03CFE002001F039FE232013
:1044400001F036FE002001F033FE332001F030FE93
:10445000002001F02DFE452001F02AFE002001F091
:1044600027FEE82001F030FE002001F021FE0020B0
:1044700001F01EFE992001F01BFE002001F018FE45
:10448000872001F015FE002001F012FE882001F0C7
:104490000FFE002001F00CFE772001F009FE002045
:1044A00001F006FE662001F003FE002001F000FE90
:1044B000882001F0FDFD002001F0FAFDAA2001F0A6
:1044C000F7FD002001F0F4FDBB2001F0F1FD00201C
:1044D00001F0EEFD992001F0EBFD002001F0E8FD78
:1044E000662001F0E5FD002001F0E2FD552001F01D
:1044F000DFFD002001F0DCFD552001F0D9FD00209A
:1045000001F0D6FD442001F0D3FD002001F0D0FDE4
:10451000442001F0CDFD002001F0CAFD552001F03E
:10452000C7FD002001F0C4FDE92001F0CDFDAA2067
:1045300001F0BEFD002001F0BBFD002001F0B8FD40
:10454000002001F0B5FD002001F0BEFDAA2001F021
:10455000AFFDCF2001F0B8FD002001F0A9FD002043
:1045600001F0A6FD002001F0A3FD002001F0A0FD58
:10457000002001F09DFD002001F09AFD002001F0D7
:1045800097FD002001F094FD002001F091FD002036
:1045900001F08EFD002001F08BFD002001F088FD70
:1045A000002001F085FD002001F082FD002001F0D7
:1045B0007FFD002001F07CFD002001F079FDF0205E
:1045C00001F082FD002001F073FD502001F070FD2C
:1045D000002001F06DFD002001F06AFD002001F0D7
:1045E00067FDF32001F070FD002001F061FDF9206E
:1045F00001F06AFD062001F05BFD102001F058FD7E
:10460000292001F055FD002001F052FD3A2001F073
:104610005BFD552001F04CFD112001F055FD64209B
:10462000FCF76AF9292001F04FFD352001F04CFD1F
:10463000002001F03DFD512001F046FDFF2001F07A
:1046400037FD532001F040FD2C2001F031FD5520B5
:1046500001F03AFD822001F02BFDBDE810402C2036
:1046600001F032BD2DE9F05F4FF47043552118463B
:1046700001F040FD4FF20104AA21204601F03AFD6D
:10468000651C5221284601F035FDA61C0821304644
:1046900001F030FDE71C0121384601F02BFD0D2112
:1046A0004FF4304001F026FD0D214BF2010001F0E6
:1046B00021FD0D214BF2020001F01CFD4FF43648A4
:1046C0003421404601F016FD34214BF2016001F027
:1046D00011FD34214BF2026001F00CFD4FF4314921
:1046E0000D21484601F006FD4BF2011A0D215046FE
:1046F00001F000FD0D214BF2021001F0FBFC4FF424
:10470000374B3421584601F0F5FC34214BF201704F
:1047100001F0F0FC34214BF2027001F0EBFC0021BF
:104720004FF4324001F0E6FC00214BF2012001F091
:10473000E1FC00214BF2022001F0DCFC24214FF4CB
:10474000384001F0D7FC24214BF6010001F0D2FCE7
:1047500024214BF6020001F0CDFC01214FF43F4033
:1047600001F0C8FC0F214FF4334001F0C3FC0F21CE
:104770004BF2013001F0BEFC0F214BF2023001F090
:10478000B9FC34214FF4394001F0B4FC34214BF62C
:10479000011001F0AFFC34214BF6021001F0AAFC2D
:1047A00008214FF4354001F0A5FC08214BF20150DF
:1047B00001F0A0FC08214BF2025001F09BFC032108
:1047C0004FF4424001F096FC24214FF43A4001F0AE
:1047D00091FC24214BF6012001F08CFC24214BF6A6
:1047E000022001F087FC00214FF43C4001F082FCE4
:1047F00078214BF6014001F07DFC00214BF6024090
:1048000001F078FC00214FF43D4001F073FC782169
:104810004BF6015001F06EFC00214BF6025001F006
:1048200069FC00214FF43E4001F064FC64214BF62A
:10483000016001F05FFC00214FF4514001F05AFC8F
:1048400033214DF2011001F055FC00214DF2021010
:1048500001F050FC34214DF2031001F04BFC00211B
:104860004DF2041001F046FC3A214DF2051001F022
:1048700041FC00214DF2061001F03CFC4A214DF2B2
:10488000071001F037FC00214DF2081001F032FC56
:104890005C214DF2091001F02DFC00214DF20A10AF
:1048A00001F028FC81214DF20B1001F023FC0021C6
:1048B0004DF20C1001F01EFCA6214DF20D1001F07E
:1048C00019FC00214DF20E1001F014FCE5214DF20F
:1048D0000F1001F00FFC01214DF2101001F00AFC45
:1048E00013214DF2111001F005FC01214DF21210BF
:1048F00001F000FC54214DF2131001F0FBFB0121EB
:104900004DF2141001F0F6FB82214DF2151001F06A
:10491000F1FB01214DF2161001F0ECFBCA214DF222
:10492000171001F0E7FB02214DF2181001F0E2FB35
:1049300000214DF2191001F0DDFB02214DF21A1099
:1049400001F0D8FB01214DF21B1001F0D3FB022135
:104950004DF21C1001F0CEFB34214DF21D1001F080
:10496000C9FB02214DF21E1001F0C4FB67214DF27C
:104970001F1001F0BFFB02214DF2201001F0BAFB25
:1049800084214DF2211001F0B5FB02214DF22210DD
:1049900001F0B0FBA4214DF2231001F0ABFB02218A
:1049A0004DF2241001F0A6FBB7214DF2251001F0C5
:1049B000A1FB02214DF2261001F09CFBCF214DF20C
:1049C000271001F097FB02214DF2281001F092FB15
:1049D000DE214DF2291001F08DFB02214DF22A104B
:1049E00001F088FBF2214DF22B1001F083FB022134
:1049F0004DF22C1001F07EFBFE214DF22D1001F046
:104A000079FB03214DF22E1001F074FB10214DF2C1
:104A10002F1001F06FFB03214DF2301001F06AFB03
:104A200033214DF2311001F065FB03214DF23210BC
:104A300001F060FB6D214DF2331001F05BFB0021B2
:104A40004FF4524001F056FB33214DF2012001F0AA
:104A500051FB00214DF2022001F04CFB34214DF2BC
:104A6000032001F047FB00214DF2042001F042FB3E
:104A70003A214DF2052001F03DFB00214DF20620C8
:104A800001F038FB4A214DF2072001F033FB0021F1
:104A90004DF2082001F02EFB5C214DF2092001F0BF
:104AA00029FB00214DF20A2001F024FB81214DF267
:104AB0000B2001F01FFB00214DF20C2001F01AFB2E
:104AC000A6214DF20D2001F015FB00214DF20E2024
:104AD00001F010FBE5214DF20F2001F00BFB01214D
:104AE0004DF2102001F006FB13214DF2112001F0D0
:104AF00001FB01214DF2122001F0FCFA54214DF28C
:104B0000132001F0F7FA01214DF2142001F0F2FA1E
:104B100082214DF2152001F0EDFA01214DF216200F
:104B200001F0E8FACA214DF2172001F0E3FA022160
:104B30004DF2182001F0DEFA00214DF2192001F0AB
:104B4000D9FA02214DF21A2001F0D4FA01214DF2D6
:104B50001B2001F0CFFA02214DF21C2001F0CAFA0D
:104B600034214DF21D2001F0C5FA02214DF21E2024
:104B700001F0C0FA67214DF21F2001F0BBFA0221BB
:104B80004DF2202001F0B6FA84214DF2212001F0EF
:104B9000B1FA02214DF2222001F0ACFAA4214DF22B
:104BA000232001F0A7FA02214DF2242001F0A2FAFD
:104BB000B7214DF2252001F09DFA02214DF2262069
:104BC00001F098FACF214DF2272001F093FA02214B
:104BD0004DF2282001F08EFADE214DF2292001F05D
:104BE00089FA02214DF22A2001F084FAF2214DF2D5
:104BF0002B2001F07FFA02214DF22C2001F07AFAED
:104C0000FE214DF22D2001F075FA03214DF22E20E8
:104C100001F070FA10214DF22F2001F06BFA032100
:104C20004DF2302001F066FA33214DF2312001F0CF
:104C300061FA03214DF2322001F05CFA6D214DF250
:104C4000332001F057FA00214FF4534001F052FA9B
:104C500033214DF2013001F04DFA00214DF20230C6
:104C600001F048FA34214DF2033001F043FA0021FB
:104C70004DF2043001F03EFA3A214DF2053001F0D8
:104C800039FA00214DF2063001F034FA4A214DF292
:104C9000073001F02FFA00214DF2083001F02AFA16
:104CA0005C214DF2093001F025FA00214DF20A3065
:104CB00001F020FA81214DF20B3001F01BFA0021A6
:104CC0004DF20C3001F016FAA6214DF20D3001F034
:104CD00011FA00214DF20E3001F00CFAE5214DF2EF
:104CE0000F3001F007FA01214DF2103001F002FA05
:104CF00013214DF2113001F0FDF901214DF2123076
:104D000001F0F8F954214DF2133001F0F3F90121CB
:104D10004DF2143001F0EEF982214DF2153001F020
:104D2000E9F901214DF2163001F0E4F9CA214DF202
:104D3000173001F0DFF902214DF2183001F0DAF9F5
:104D400000214DF2193001F0D5F902214DF21A304F
:104D500001F0D0F901214DF21B3001F0CBF9022115
:104D60004DF21C3001F0C6F934214DF21D3001F036
:104D7000C1F902214DF21E3001F0BCF967214DF25C
:104D80001F3001F0B7F902214DF2203001F0B2F9E5
:104D900084214DF2213001F0ADF902214DF2223093
:104DA00001F0A8F9A4214DF2233001F0A3F902216A
:104DB0004DF2243001F09EF9B7214DF2253001F07B
:104DC00099F902214DF2263001F094F9CF214DF2EC
:104DD000273001F08FF902214DF2283001F08AF9D5
:104DE000DE214DF2293001F085F902214DF22A3001
:104DF00001F080F9F2214DF22B3001F07BF9022114
:104E00004DF22C3001F076F9FE214DF22D3001F0FB
:104E100071F903214DF22E3001F06CF910214DF2A1
:104E20002F3001F067F903214DF2303001F062F9C3
:104E300033214DF2313001F05DF903214DF2323072
:104E400001F058F96D214DF2333001F053F9002192
:104E50004FF4544001F04EF933214DF2014001F07E
:104E600049F900214DF2024001F044F934214DF29C
:104E7000034001F03FF900214DF2044001F03AF9FE
:104E80003A214DF2054001F035F900214DF206407E
:104E900001F030F94A214DF2074001F02BF90021D1
:104EA0004DF2084001F026F95C214DF2094001F075
:104EB00021F900214DF20A4001F01CF981214DF247
:104EC0000B4001F017F900214DF20C4001F012F9EE
:104ED000A6214DF20D4001F00DF900214DF20E40DA
:104EE00001F008F9E5214DF20F4001F003F901212D
:104EF0004DF2104001F0FEF813214DF2114001F087
:104F0000F9F801214DF2124001F0F4F854214DF26C
:104F1000134001F0EFF801214DF2144001F0EAF8DE
:104F200082214DF2154001F0E5F801214DF21640C5
:104F300001F0E0F8CA214DF2174001F0DBF8022140
:104F40004DF2184001F0D6F800214DF2194001F061
:104F5000D1F802214DF21A4001F0CCF801214DF2B6
:104F60001B4001F0C7F802214DF21C4001F0C2F8CD
:104F700034214DF21D4001F0BDF802214DF21E40DA
:104F800001F0B8F867214DF21F4001F0B3F802219B
:104F90004DF2204001F0AEF884214DF2214001F0A5
:104FA000A9F802214DF2224001F0A4F8A4214DF20B
:104FB000234001F09FF802214DF2244001F09AF8BD
:104FC000B7214DF2254001F095F802214DF226401F
:104FD00001F090F8CF214DF2274001F08BF802212B
:104FE0004DF2284001F086F8DE214DF2294001F013
:104FF00081F802214DF22A4001F07CF8F2214DF2B5
:105000002B4001F077F802214DF22C4001F072F8AC
:10501000FE214DF22D4001F06DF803214DF22E409E
:1050200001F068F810214DF22F4001F063F80321E0
:105030004DF2304001F05EF833214DF2314001F085
:1050400059F803214DF2324001F054F86D214DF230
:10505000334001F04FF800214FF4554001F04AF879
:1050600033214DF2015001F045F800214DF202507C
:1050700001F040F834214DF2035001F03BF80021DB
:105080004DF2045001F036F83A214DF2055001F08E
:1050900031F800214DF2065001F02CF84A214DF272
:1050A000075001F027F800214DF2085001F022F8D6
:1050B0005C214DF2095001F01DF800214DF20A501B
:1050C00001F018F881214DF20B5001F013F8002186
:1050D0004DF20C5001F00EF8A6214DF20D5001F0EA
:1050E00009F800214DF20E5001F004F8E5214DF2CF
:1050F0000F5000F0FFFF01214DF2105000F0FAFFB9
:1051000013214DF2115000F0F5FF01214DF2125024
:1051100000F0F0FF54214DF2135000F0EBFF01219D
:105120004DF2145000F0E6FF82214DF2155000F0D0
:10513000E1FF01214DF2165000F0DCFFCA214DF2D3
:10514000175000F0D7FF02214DF2185000F0D2FFA7
:1051500000214DF2195000F0CDFF02214DF21A50FE
:1051600000F0C8FF01214DF21B5000F0C3FF0221E7
:105170004DF21C5000F0BEFF34214DF21D5000F0E6
:10518000B9FF02214DF21E5000F0B4FF67214DF22D
:105190001F5000F0AFFF02214DF2205000F0AAFF97
:1051A00084214DF2215000F0A5FF02214DF2225042
:1051B00000F0A0FFA4214DF2235000F09BFF02213C
:1051C0004DF2245000F096FFB7214DF2255000F02B
:1051D00091FF02214DF2265000F08CFFCF214DF2BD
:1051E000275000F087FF02214DF2285000F082FF87
:1051F000DE214DF2295000F07DFF02214DF22A50B0
:1052000000F078FFF2214DF22B5000F073FF0221E5
:105210004DF22C5000F06EFFFE214DF22D5000F0AB
:1052200069FF03214DF22E5000F064FF10214DF272
:105230002F5000F05FFF03214DF2305000F05AFF75
:1052400033214DF2315000F055FF03214DF2325021
:1052500000F050FF6D214DF2335000F04BFF002164
:105260004FF4564000F046FF33214DF2016000F04C
:1052700041FF00214DF2026000F03CFF34214DF26D
:10528000036000F037FF00214DF2046000F032FFB0
:105290003A214DF2056000F02DFF00214DF206602D
:1052A00000F028FF4A214DF2076000F023FF0021A3
:1052B0004DF2086000F01EFF5C214DF2096000F025
:1052C00019FF00214DF20A6000F014FF81214DF218
:1052D0000B6000F00FFF00214DF20C6000F00AFFA0
:1052E000A6214DF20D6000F005FF00214DF20E6089
:1052F00000F000FFE5214DF20F6000F0FBFE012100
:105300004DF2106000F0F6FE13214DF2116000F036
:10531000F1FE01214DF2126000F0ECFE54214DF23D
:10532000136000F0E7FE01214DF2146000F0E2FE90
:1053300082214DF2156000F0DDFE01214DF2166074
:1053400000F0D8FECA214DF2176000F0D3FE022112
:105350004DF2186000F0CEFE00214DF2196000F011
:10536000C9FE02214DF21A6000F0C4FE01214DF287
:105370001B6000F0BFFE02214DF21C6000F0BAFE7F
:1053800034214DF21D6000F0B5FE02214DF21E6089
:1053900000F0B0FE67214DF21F6000F0ABFE02216D
:1053A0004DF2206000F0A6FE84214DF2216000F055
:1053B000A1FE02214DF2226000F09CFEA4214DF2DC
:1053C000236000F097FE02214DF2246000F092FE6F
:1053D000B7214DF2256000F08DFE02214DF22660CE
:1053E00000F088FECF214DF2276000F083FE0221FD
:1053F0004DF2286000F07EFEDE214DF2296000F0C3
:1054000079FE02214DF22A6000F074FEF2214DF285
:105410002B6000F06FFE02214DF22C6000F06AFE5E
:10542000FE214DF22D6000F065FE03214DF22E604D
:1054300000F060FE10214DF22F6000F05BFE0321B2
:105440004DF2306000F056FE33214DF2316000F035
:1054500051FE03214DF2326000F04CFE6D214DF201
:10546000336000F047FE5521184600F043FEAA21A4
:10547000204600F03FFE5221284600F03BFE082166
:10548000304600F037FE0021384600F033FECC21D4
:10549000484600F02FFE0021504600F02BFE05216B
:1054A000404600F027FE7021584600F023FE702190
:1054B0004BF2017000F01EFE01214FF4384000F065
:1054C00019FE03214BF6010000F014FE03214BF6F8
:1054D000020000F00FFE03214BF6030000F00AFE6D
:1054E00002214FF43C4000F005FE00214BF6014044
:1054F00000F000FE00214BF6024000F0FBFDD02141
:105500004FF4494000F0F6FD02214CF6011000F086
:10551000F1FD50214CF6021000F0ECFD50214CF64C
:10552000031000F0E7FD50214CF6041000F0E2FDFE
:1055300000214FF4545000F0DDFD55214FF4685028
:1055400000F0D8FD4FF4885000F0BEFD7820FCF745
:10555000ADFFBDE8F05F4FF4245000F0B5BD10B5CD
:10556000E22000F0B1FD1D2000F0A2FD022000F0BD
:105570009FFD042000F09CFD6420FCF797FFE020D5
:1055800000F0A2FD012000F093FD0A20FBF7B4F922
:10559000E02000F099FD032000F08AFD0C20FBF7CD
:1055A000ABF9012000F090FD0A20FBF7A5F9E620F9
:1055B00000F08AFD2F2000F07BFDFF2000F078FD39
:1055C000FF2000F075FDB02000F07EFD202000F0EF
:1055D0006FFD002000F06CFD032000F069FD40F23B
:1055E0001F3000F065FD012000F062FD40F2DF1089
:1055F00000F05EFD002000F05BFDB42000F064FDD3
:10560000042000F055FD40F21F4000F051FD002045
:1056100000F04EFD2E2000F04BFD002000F048FD74
:10562000002000F045FD002000F042FD002000F0C9
:105630003FFDB62000F048FD022000F039FD4FF498
:10564000037000F035FD002000F032FD172000F05F
:105650002FFD152000F02CFD002000F029FD00207A
:1056600000F026FDF02000F02FFD032000F020FDCB
:10567000292000F029FDD02000F026FD002000F0B8
:1056800017FDBE2000F020FD052000F011FDFE20DA
:1056900000F00EFD012000F00BFD002000F008FDE1
:1056A000002000F005FD002000F002FDB82000F011
:1056B0000BFD032000F0FCFC012000F0F9FCBA20F7
:1056C00000F002FDBDE81040012000F0F1BC10B573
:1056D000112000F0F9FC7820FBF70EF9362000F0DD
:1056E000F3FC002000F0E4FC3A2000F0EDFC052083
:1056F00000F0DEFCB22000F0E7FC0C2000F0D8FC4B
:105700000C2000F0D5FC002000F0D2FC332000F08B
:10571000CFFC332000F0CCFCB72000F0D5FC3520C6
:1057200000F0C6FCBB2000F0CFFC322000F0C0FC33
:10573000C02000F0C9FC0C2000F0BAFCC22000F030
:10574000C3FC012000F0B4FCC32000F0BDFC10201D
:1057500000F0AEFCC42000F0B7FC202000F0A8FC54
:10576000C62000F0B1FC0F2000F0A2FCD02000F019
:10577000ABFCA42000F09CFCA12000F099FCE020F0
:1057800000F0A2FCD02000F093FC002000F090FC80
:10579000022000F08DFC072000F08AFC0A2000F0B7
:1057A00087FC282000F084FC322000F081FC44209B
:1057B00000F07EFC422000F07BFC062000F078FC2C
:1057C0000E2000F075FC122000F072FC142000F096
:1057D0006FFC172000F06CFCE12000F075FCD0207D
:1057E00000F066FC002000F063FC022000F060FC8A
:1057F000072000F05DFC0A2000F05AFC282000F091
:1058000057FC312000F054FC542000F051FC47209C
:1058100000F04EFC0E2000F04BFC1C2000F048FC79
:10582000172000F045FC1B2000F042FC1E2000F079
:105830003FFC2A2000F048FC002000F039FC00204A
:1058400000F036FC002000F033FCEF2000F030FCCC
:105850002B2000F039FC002000F02AFC002000F092
:1058600027FC012000F024FC3F2000F021FCBDE8D3
:105870001040292000F028BC10B5112000F024FCB5
:105880007820FBF739F8362000F01EFC482000F0A5
:105890000FFC3A2000F018FC552000F009FCF02025
:1058A00000F012FCC32000F003FCF02000F00CFC20
:1058B000962000F0FDFBB42000F006FC012000F073
:1058C000F7FBB62000F000FC0A2000F0F1FBA2205C
:1058D00000F0EEFBB72000F0F7FBC62000F0E8FB7D
:1058E000B92000F0F1FB022000F0E2FBE02000F024
:1058F000DFFBC02000F0E8FB802000F0D9FB162081
:1059000000F0D6FBC12000F0DFFB192000F0D0FB37
:10591000C22000F0D9FBA72000F0CAFBC52000F090
:10592000D3FB162000F0C4FBE82000F0CDFB4020A4
:1059300000F0BEFB8A2000F0BBFB002000F0B8FBAB
:10594000002000F0B5FB292000F0B2FB192000F088
:10595000AFFBA52000F0ACFB332000F0A9FBE0205A
:1059600000F0B2FBF02000F0A3FB072000F0A0FB4A
:105970000D2000F09DFB042000F09AFB052000F0B4
:1059800097FB142000F094FB362000F091FB54208C
:1059900000F08EFB4C2000F08BFB382000F088FBE1
:1059A000132000F085FB142000F082FB2E2000F075
:1059B0007FFB342000F07CFBE12000F085FBF02031
:1059C00000F076FB102000F073FB142000F070FB59
:1059D0000E2000F06DFB0C2000F06AFB082000F0A8
:1059E00067FB352000F064FB442000F061FB4C2095
:1059F00000F05EFB262000F05BFB102000F058FB5F
:105A0000122000F055FB2C2000F052FB322000F059
:105A10004FFBF02000F058FB3C2000F049FBF02049
:105A200000F052FB692000F043FB7820FAF764FF96
:105A3000BDE81040292000F047BB00002DE9F043ED
:105A40008146A2EB09020798521C1F4695B20C46EC
:105A500086B2DFF82C800FE02146484600F0ECF9D2
:105A600000F03EFB0020414602E00E80401C80B268
:105A7000A842FAD3641CA4B2BC42EDD9BDE8F083BD
:105A8000000008602DE9F05FFBF7BCFC3220FAF75C
:105A900033FFD32000F018FB00F0FEF87C4CA08010
:105AA00000F0FAF8A08000F0F7F84FF6FF7505EA6D
:105AB0000020A08000F0F0F8A18849F241370843A7
:105AC000A08047F2897645F2103847F2967945F280
:105AD000105A49F6060BB8427DD0042000F0F4FAC3
:105AE00000F0DAF8A08000F0D7F8A08000F0D4F839
:105AF00005EA0020A08000F0CFF8A1880843A0F5B7
:105B00000541A080523967D0B04264D0D42000F063
:105B1000DBFA00F0C1F8A08000F0BEF8A08000F031
:105B2000BBF805EA0020A08000F0B6F8A188084381
:105B3000A080404571D0D32000F0C6FA00F0ACF848
:105B4000A08000F0A9F8A08000F0A6F805EA0020E7
:105B5000A08000F0A1F8A1880843A08048455CD04F
:105B600055214FF4704000F0C5FAAA214FF2010010
:105B700000F0C0FA52214FF2020000F0BBFA0821F7
:105B80004FF2030000F0B6FA01214FF2040000F0DA
:105B9000B1FA4FF4454000F097FA00F07DF805EABD
:105BA0000020A0804CF2015000F08EFA00F074F852
:105BB000A1880843A0800520FAF79EFEA1885145E0
:105BC0002BD0D32000F080FA00F066F8A08000F01F
:105BD00063F8A08001E020E025E000F05DF805EA30
:105BE0000020A08000F058F8A1880843A080584504
:105BF00013D0A12000F068FA00F04EF8A08000F069
:105C00004BF805EA0020A08000F046F8A188084380
:105C1000A0F5AE41A080613907D0A088B04208D17C
:105C2000FFF755FD27E0A680FAE741F66310A08054
:105C30001CE0B84202D1FDF7E3FA1CE0404502D176
:105C4000FDF796FD17E0484502D1FFF715FE12E07B
:105C5000504502D1FEF706FD0DE0584502D1FDF793
:105C6000E6FB08E0A0F5C851633904D1FFF777FCE3
:105C7000642000F0F5F90120FDF790F901220221DE
:105C80000448FAF78AFF2846BDE8F05FFDF76EB9D1
:105C9000040100200004024008B50220401EFDD28D
:105CA00003480088ADF80000BDF8000008BD000002
:105CB0000000086070B55F4C00232146A2798988F6
:105CC00041F66316012A01D01AB10CE0B14202D1AB
:105CD00009E0B14207D1082805D2DFE800F0161824
:105CE00012140C19100E082812D2DFE800F011046B
:105CF00006080A0C0E1080230AE0402308E0C023A7
:105D000006E0202304E0602302E0A02300E0E0237B
:105D1000362045F21055A94200D10002A1F51342E8
:105D2000413A07D0A1F5EE42893A03D0A1F5EE42FF
:105D3000963A01D143F00803194600F0DBF9A18837
:105D4000B1420AD098062088628802D5904202D3D8
:105D500003E0904201D9228060806089A94240D14D
:105D600000F0B2F9002000F0A3F96089401C80B275
:105D700000F0AAF9002000F09BF96089801C80B235
:105D800000F0A2F92088401EC0F30F2000F090F927
:105D90006089C01C80B200F097F92078401EC0B224
:105DA00000F086F9A08900F08FF9002000F080F95A
:105DB000A089401C80B200F087F9002000F078F93B
:105DC000A089801C80B200F07FF96088401EC0F37B
:105DD0000F2000F06DF9A089C01C80B200F074F9AA
:105DE00021E000F071F9002000F062F9002000F0DD
:105DF0005FF92088401EC0F30F2000F059F9207889
:105E0000401EC0B200F054F9A08900F05DF90020F6
:105E100000F04EF9002000F04BF96088401EC0F3FE
:105E20000F2000F045F9A078BDE87040401EC0B2D8
:105E300000F03EB904010020F0B53B4A0D4604468F
:105E4000060A918810462F0A4089A1F5C853633B82
:105E500016D0A1F5AA43103B4CD000F035F93046DE
:105E600000F026F9E0B200F023F9908900F02CF957
:105E7000384600F01DF9E8B2BDE8F04000F018B96E
:105E8000917931B300F020F9304600F011F9E0B219
:105E900000F00EF91088401EC0F30F2000F008F942
:105EA0001078401E5FFA80F000F002F9908900F04F
:105EB0000BF9384600F0FCF8E8B200F0F9F8508829
:105EC000401EC0F30F2000F0F3F89078401EC0B2DF
:105ED000D2E71188091B491E8CB200F0F5F80020AA
:105EE00000F0E6F8002000F0E3F8200A00F0E0F807
:105EF000E0B2D9E700F0E8F8304600F0D9F8508970
:105F0000401C80B200F0E0F8E0B200F0D1F89089D7
:105F100000F0DAF8384600F0CBF89089401C80B2E7
:105F200000F0D2F8A7E70000040100202DE9FF4FA0
:105F30001D460C468B46580700D0012000EBD500CB
:105F4000690810FB01F0203A00F0FF0AD0B20C2DD6
:105F50000AD0102D0CD0182D0ED0202D46D124495A
:105F600001EB801600203EE000EB4001214806E0F6
:105F7000214901EB0016F5E700EBC0011F4800EBDB
:105F80008106EFE716F808704FF00009380601D5D2
:105F90000E9A03E00D9828B9194802682146009826
:105FA000FDF722F97806070E1648641CA4B2408853
:105FB000A0421BD9A4EB0B00A8420AD100985C4672
:105FC000401C80B200900F480188009881420DD992
:105FD00006E009F1010000F0FF09B9F1080FD5D37F
:105FE00008F10100C0B280465045CBD3BDE8FF8F19
:105FF0007E840008BE6C0008327100082277000819
:1060000064000020040100202DE9FC4F044600F04C
:10601000FF0910190D46DDE90BB61FFA80F8581973
:1060200087B24FF0000A13E0444503D305EB0B00A1
:106030004C4685B2BD4210D20D985B46CDE900A01A
:1060400029462046FFF772FF04EB5B0084B2761C02
:106050003278A2F120005E28E6D9BDE8FC8F00006E
:1060600010B50246BE2000F02FF8052000F020F801
:106070001046FAF7EAF99FED0C1B53EC112BFAF7D7
:10608000F2F8FAF7EFF980B200F012F8012000F010
:106090000FF8FF2000F00CF8002000F009F8BDE830
:1060A0001040002000F004B866666666666604402C
:1060B00001B5BDF80000ADF80000BDF800000149D1
:1060C000088008BD0000086001B5BDF80000ADF80B
:1060D0000000BDF800000149088008BDFEFF076010
:1060E000024803490089088070470000040100202D
:1060F000FEFF0760024A1080901C0180704700007C
:10610000FEFF07600EB54FF6FF70FCF72FFF1F2252
:1061100006A110208DE8070005481023C82200883A
:106120000021183880B2FFF76FFF0EBD52535400A4
:10613000040100200EB5FAF743FDFBF721FAFBF747
:10614000A5F9FBF75FF9FBF7F9F91DA0FBF752FB87
:10615000FAF74AFBFFF796FCFCF798FE1C4E3068F6
:10616000804710254FF478441AA00095CDE901042A
:106170002B46C82232211E20FFF746FF17A00095AC
:10618000CDE901041023C82246211E20FFF73CFF61
:1061900015A00095CDE901041023C8225A211E2024
:1061A000FFF732FF40F2DC50FCF77AF9FFF7AAFF65
:1061B00096F84400000601D400F01EF8FEE7000047
:1061C00048656C6C6F20576F726C64210A00000088
:1061D0001800002053544D3332000000544F5543F3
:1061E000482054455354000041544F4D40414C49C0
:1061F000454E54454B0000000024DFF88080204DC0
:1062000014270020FCF774FE0646696800208847C2
:10621000A88E000417D5AB89B8F80020934215D298
:10622000298CB8F80200814210D2183A934204DD5A
:10623000102902D2FFF766FF08E04FF478421846B3
:1062400000F06CFA02E00A20FCF72AF9022E08D1CD
:106250000CA0FBF7CFFA00F01DF800F09BFCFFF755
:1062600051FF641CE4B2B4FBF7F007FB10400028B8
:10627000C7D140210648FAF788FCC2E70401002094
:10628000180000204B4559305F505245530A00001A
:10629000000002402DE9F04F00252DED0A8B4FF64E
:1062A000FF7B89B02E465846FCF760FEC148102798
:1062B0004FF4784400680097CDE901042821642355
:1062C000A0220846FFF7A0FE14212246084600F04F
:1062D0003FFAB94C00204FF00108A0869FEDB7AB04
:1062E0009FEDB8CB9FEDB9BBDFF8E8924FF47A7A17
:1062F000616801208847A08EB8EB903F4FD120F411
:106300008040A08604A8A18920F8251000EB850014
:106310006D1C0026218CEDB24180062D3FD2DFE8B6
:1063200005F03E031020314C14215A46084600F077
:106330000FFAB9F800004FF47842143880B21421F3
:106340002BE0B9F800005A46143880B2142100F04E
:10635000FFF9B9F802004FF47842143881B21420E2
:106360001BE0B9F802005A46143881B2142000F03C
:10637000EFF9B9F80200143881B2B9F80000143806
:1063800080B208E05846FCF7F1FDB9F80210B9F800
:106390000000490840084FF4784200F0D9F90A207B
:1063A000FCF77EF8761CB6B25645A1D900F010FA7B
:1063B00009B0BDEC0A8BBDE8F08FBDF81400BDF844
:1063C0001010401A00B20390BDF81C00BDF8181060
:1063D000401A00B20290BDF81E00BDF81610401A17
:1063E00000B20190BDF81A00BDF81210401A00B2B8
:1063F00000900298FAF718F841EC180B0398FAF796
:1064000013F853EC182BF9F7A0FF41EC180B009888
:10641000FAF70AF841EC190B0198FAF705F853EC72
:10642000192BF9F792FF41EC190B53EC1A2B51EC95
:10643000180BFAF731F805D251EC180B81F0004136
:1064400041EC180BB0EE4A0AF0EE6A0A53EC102B3E
:1064500051EC190BFAF720F805D251EC190B81F029
:10646000004141EC190B53EC1C2B51EC180BFAF7C3
:1064700013F873D353EC1B2B51EC180BFAF724F8D9
:106480007CD3B0EE4C0AF0EE6C0A53EC102B51ECBE
:10649000190BFAF701F871D3B0EE4B0AF0EE6B0A64
:1064A00053EC102B51EC190BFAF70EF866D3039945
:1064B00041F6FE7001F6FF7181425FD8019901F645
:1064C000FF7181425AD8029901F6FF71814255D875
:1064D000009901F6FF71814250D80398F0B30198FA
:1064E000E0B30298D0B30098C0B3B9F800004D46AD
:1064F0004000503800EE100ADDE90210F8EEC00A44
:10650000084400EE100AB8EEC00A80EE201A84EDAE
:106510000E1AB9F802004000503800EE100ADDE90A
:106520000010F8EEC00A084400EE100AB8EEC00AE7
:1065300080EE201A84ED0F1ABDF82000A4F8400068
:10654000BDF82200A4F842005C465846FCF70EFD58
:106550001F2021A10097CDE9011000E00EE06B881B
:106560002A886E212320FFF74FFD5046FBF798FF46
:1065700000F010FB2046FCF7F9FC19E7B9F802100F
:10658000B9F800000025490840085A4600F0E0F834
:1065900014214FF47842084600F0DAF8B0EE491AB8
:1065A000F0EE691AB0EE480AF0EE680A04A800F0AE
:1065B0001FF89DE69C6C00081800002000000000F9
:1065C00000000000666666666666EE3FCDCCCCCC09
:1065D000CCCCF03F04010020546F756368205363F6
:1065E0007265656E2041646A757374204F4B21009B
:1065F0002DE9F04F2DED048B89B0B0EE418A3C4D72
:10660000F0EE618AB0EE409AF0EE609A0746002400
:106610000DF10C094FF478484FF0100A4FF0A00B21
:1066200037F82430621C33A103A8FBF7F3F8CDF848
:1066300000A0CDE9019804EB84010BEB81066B8887
:106640002A8831462820FFF7DFFC07EB8400621C14
:1066500043882AA103A8FBF7DDF8CDF800A0CDE917
:1066600001986B882A8831467820FFF7CDFC641C9E
:10667000E4B2052CD4D34FF6FF700090288804EBC9
:106680008401401E82B20BEB810410232146282096
:10669000FFF7D4F953EC192B1AA103A8FBF7BAF8AA
:1066A0004FF0000B8DF813B0CDF800A0CDE90198A4
:1066B00046464F466B882A8821462820FFF7A4FCCF
:1066C00053EC182B12A103A8FBF7A4F88DF813B014
:1066D000CDF800A0CDE901766B882A882146782084
:1066E000FFF792FC09B0BDEC048BBDE8F08F000011
:1066F000040100207825643A256400007925643A75
:106700002564000070783A25302E326600000000C3
:1067100070793A25302E3266000000002DE9F041F4
:1067200017460C460646FCF75FFD751CA8B23A46B4
:106730002146FCF759FD641CA1B23A463046FCF7ED
:1067400053FDA1B2A8B23A46BDE8F041FCF74CBDFA
:106750002DE9F843054616460D30009282B2A5F1A8
:106760000C000C4680B20B46FCF7F0FC04F10D0067
:1067700083B2193881B22A4610460096FCF7E6FC2F
:10678000671C05F10109B9B21FFA89F03246FCF71E
:106790002BFDA5F10108B9B21FFA88F03246FCF7CB
:1067A00023FD671EB9B21FFA89F03246FCF71CFDC3
:1067B000B9B21FFA88F03246FCF716FD01B0334635
:1067C00021462846BDE8F0430622FCF75DBC0000E8
:1067D00010B507490C222820FBF79CFC3420FBF75E
:1067E000A9FC0A2801D0002010BD012010BD000026
:1067F00050000020F0B55E4F5C4C87B0B8790025A2
:1068000000F0010084F84400B8885A4EA0F5EE412B
:10681000963903D1FBF7E8FF00287DD0B888A0F5B2
:10682000AA4110397DD0A0F51841063979D0A0F5DC
:106830008641423975D0A0F58641843971D0A0F5E2
:10684000805118396DD0A0F5C851633973D0A0F5C7
:10685000E04184396FD0A0F5E04116396BD046484D
:10686000016841F002010160016801F00201059137
:10687000016841F004010160016801F00401059123
:10688000016841F002010160016801F00201059117
:10689000016841F020010160016801F020010591CB
:1068A000016841F0020101600068012400F002006B
:1068B00005902020CDE90005032569462F48CDE944
:1068C0000245FAF765F8A0032D4E00906946304660
:1068D000FAF75EF8E003CDE9000469463046CDE9F9
:1068E0000245FAF755F86003009069463046FAF71A
:1068F0004FF82003009069463046FAF749F81B49E3
:106900002031A1F1140000F0F1F8FBF701FCFFF7D2
:106910005FFF00B3002002E005E002E00BE007B0FB
:10692000F0BDFBF761FF666094F8440040F0800022
:1069300084F84400EEE7FBF7DBFD48B1FBF754FFBA
:10694000C4F8046014F8440F40F080002070E1E7C0
:106950000C486060F6E74FF6FF70FCF707FBFFF7A7
:1069600099FC00F017F90120D5E70000180000207D
:106970000401002099290008303802400008024034
:1069800000040240592600082DE9F05FDFF8F4808A
:10699000054600244FF400592246494647464046E2
:1069A000FAF7FBF84FF40046002231463846FAF772
:1069B000F4F84FF4805B002259463846FAF7EDF8B8
:1069C000B24600274E46280601D5012200E00022EB
:1069D00051464046FAF7E1F86806050E00223146B6
:1069E0004046FAF7DAF80120FBF760FD0122314654
:1069F0004046FAF7D2F87F1CFFB2082FE3D30620F7
:106A0000FBF754FD00223546314647464046FAF72B
:106A1000C4F80120FBF74AFD012229463846FAF75F
:106A2000BCF80120FBF742FD002229463846FAF760
:106A3000B4F800264FF6FF784FF4804908EA440482
:106A4000002229463846FAF7A8F80120FBF72EFD68
:106A5000012229463846FAF7A0F849463846FAF79F
:106A60008FF808B1641CA4B2761CF6B2102EE5D3E0
:106A70002409012259463846FAF78FF82046BDE826
:106A8000F09F000000040240FEB5064600256C465B
:106A90003046FFF779FF24F815006D1CADB2052DC7
:106AA000F6D30020431C99B20CE000BF34F810204C
:106AB00034F81150AA4203D924F8105024F81120B8
:106AC000491C89B20529F1D398B20428EAD30021E0
:106AD0005FF0010034F81020401C114480B289B2EC
:106AE0000428F7D30320B1FBF0F0FEBD70B50646D5
:106AF0000A480D4690F84400C00705D09020FFF7E3
:106B0000C3FF0446D02004E0D020FFF7BDFF0446B9
:106B10009020FFF7B9FF3480288070BD1800002056
:106B20007FB50C460546694602A8FFF7DFFF01A9BD
:106B300003A8FFF7DBFFBDF80C30BDF80820934237
:106B400003D803F13200824205D39A421FD802F1E2
:106B5000320083421BD2BDF80410BDF80000814210
:106B600003D801F13206B04204D388420FD8323044
:106B700081420CD2D01840082880BDF80000BDF832
:106B80000410084440082080012004B070BD00209B
:106B9000FBE7000010B505490C222820FBF7ECFAB2
:106BA0000A21BDE810403420FBF7F7BA500000205E
:106BB00070B5054620213048F9F7E2FF2F4C30B17F
:106BC000A08E01044ED520F40040A08651E02B4851
:106BD00000F120010C3015B1FFF7A2FF37E0FFF7FD
:106BE0009FFFA0B3A089B4F8401094ED0E1A401A8C
:106BF00000B200EE100A2248B8EEC00A0188490827
:106C0000C0EE010A00EE101AB8EE400A30EE800A1B
:106C1000BCEEC00A10EE101AA181218CB4F84220FB
:106C200094ED0F1A891A09B200EE101A4088B8EED6
:106C3000C00A4008C0EE010A00EE100AB8EE400A91
:106C400030EE800ABCEEC00A10EE100A2084A08E3E
:106C500000040ED44FF44040A086A089E083208C2D
:106C6000608606E00020E08360864FF6FF70A0811A
:106C70002084002070BD00000008024018000020A1
:106C800004010020000000000000000001020304D5
:106C9000060708090000000001020304409C0008E8
:106CA000030009000F0015001B005081588160810E
:106CB00068817081788180818881908198810000CD
:106CC00000000000000000000000000000003F4045
:106CD00000000000000000003000400030004000D4
:106CE000000009000BC03D000BC03D00090018C0AA
:106CF00024407FE0224031800000180024C01B00A7
:106D00000D803240018003801C4027401C800740DA
:106D100000401000600000000000000000000000C3
:106D2000000000001F802040402000004020204044
:106D30001F8000000000090006001F8006000900F7
:106D40000000040004003F80040004000000001064
:106D500000600000000000000000040004000400C7
:106D600004000400000000000040000000000000DB
:106D70000000002001C006003800400000001F8015
:106D80002040204020401F800000000010403FC0F5
:106D900000400000000018C021402240244018405C
:106DA000000010802040244024401B80000002008E
:106DB0000D0011003FC0014000003C8024402440F1
:106DC0002440238000001F8024402440344003805E
:106DD00000003000200027C03800200000001B8089
:106DE0002440244024401B8000001C0022C022407C
:106DF00022401F800000000000000840000000004A
:106E0000000000000000046000000000000000001E
:106E100004000A0011002080404009000900090018
:106E200009000900000000004040208011000A0015
:106E300004001800200023402400180000001F80D8
:106E40002040274029401F400000004007C0390073
:106E50000F0001C0004020403FC0244024401B8060
:106E600000001F8020402040204030800000204053
:106E70003FC0204020401F80000020403FC02440F1
:106E80002E4030C0000020403FC024402E00300083
:106E900000000F001080204022403380020020407C
:106EA0003FC0040004003FC02040204020403FC0BD
:106EB0002040204000000060202020203FC0200013
:106EC000200020403FC024400B0030C02040204024
:106ED0003FC020400040004000C03FC03C0003C015
:106EE0003C003FC0000020403FC00C4023003FC09A
:106EF00020001F802040204020401F8000002040B4
:106F00003FC024402400180000001F802140214081
:106F100020E01FA0000020403FC02440260019C0F0
:106F2000004018C02440244022403180000030003E
:106F300020403FC020403000000020003F80004043
:106F400000403F80200020003E0001C007003800C4
:106F50002000380007C03C0007C038000000204077
:106F600039C0060039C0204000002000384007C06A
:106F7000384020000000304021C02640384020C06A
:106F80000000000000007FE04020402000000000E2
:106F900070000C00038000400000000040204020F2
:106FA0007FE0000000000000200040002000000002
:106FB0000000001000100010001000100010000071
:106FC00000004000000000000000000002800540BA
:106FD000054003C0004020003FC00440044003803F
:106FE0000000000003800440044006400000000050
:106FF0000380044024403FC000400000038005405F
:10700000054003400000000004401FC0244024400D
:107010002000000002E005500550065004202040EA
:107020003FC00440040003C000400000044027C0EB
:1070300000400000000000100010041027E00000D5
:10704000000020403FC00140070004C00440204031
:1070500020403FC000400040000007C0040007C0BF
:10706000040003C00000044007C00440040003C043
:10707000004000000380044004400380000004102E
:1070800007F0045004400380000000000380044027
:10709000045007F00010044007C002400400040040
:1070A0000000000006400540054004C0000000004C
:1070B00004001F80044000400000040007800040DE
:1070C000044007C000400400070004C0018006001F
:1070D0000400060001C0070001C0060000000440D3
:1070E00006C0010006C0044000000410071004E0C0
:1070F0000180060004000000044005C00640044072
:1071000000000000000004007BE0402000000000C0
:1071100000000000FFF000000000000040207BE0C5
:10712000040000000000400080004000200020001B
:10713000400000000000000000000000000000000F
:1071400000000000000000001FCC000C0000000048
:1071500000000000080030006000080030006000FF
:107160000000022003FC1E20022003FC1E2002203F
:10717000000000000E1811043FFF10840C7800007E
:1071800000000F0010840F3800C0077818840078C2
:10719000000000780F8410C411240E9800E40084CD
:1071A00000080800680070000000000000000000F7
:1071B000000000000000000007E018182004400252
:1071C0000000000040022004181807E00000000042
:1071D00000000240024001800FF0018002400240A6
:1071E00000000080008000800FF800800080008098
:1071F00000000001000D000E000000000000000073
:10720000000000000080008000800080008000807E
:1072100000800000000C000C0000000000000000D6
:107220000000000000060018006001800600180041
:107230002000000007F0080810041004080807F0F8
:1072400000000000080408041FFC00040004000003
:10725000000000000E0C10141024104411840E0CB9
:10726000000000000C1810041104110412880C70A6
:107270000000000000E00320042408241FFC002478
:10728000000000001F981084110411041088107071
:107290000000000007F0088811041104188800702D
:1072A000000000001C00100010FC13001C00100067
:1072B000000000000E3811441084108411440E3870
:1072C000000000000700088C10441044088807F0F4
:1072D0000000000000000000030C030C0000000090
:1072E0000000000000000001010600000000000096
:1072F0000000000000800140022004100808100473
:10730000000002200220022002200220022002208F
:107310000000000010040808041002200140008052
:10732000000000000E001200100C106C10800F0006
:10733000000003E00C1813E4142417C4082807D035
:1073400000000004003C03C41C40074000E4001C93
:10735000000410041FFC1104110411040E880070B5
:10736000000003E00C1810041004100410081C1096
:10737000000010041FFC100410041004080807F09B
:10738000000010041FFC1104110417C41004081895
:10739000000010041FFC1104110017C010000800A9
:1073A000000003E00C181004100410441C78004086
:1073B000000010041FFC10840080008010841FFC5B
:1073C00010040000100410041FFC1004100400003E
:1073D000000000030001100110011FFE100010004A
:1073E000000010041FFC110403801464181C100416
:1073F000000010041FFC1004000400040004000C32
:10740000000010041FFC1F0000FC1F001FFC1004E4
:10741000000010041FFC0C04030000E010181FFC07
:10742000100007F00808100410041004080807F002
:10743000000010041FFC10841080108010800F00CA
:10744000000007F0081810241024101C080A07F286
:10745000000010041FFC1104110011C011300E0CAB
:10746000000400000E1C11041084108410441C3809
:1074700000001800100010041FFC10041000180079
:10748000000010001FF810040004000410041FF88E
:10749000100010001E0011E0001C007013801C0082
:1074A00010001FC0103C00E01F0000E0103C1FC097
:1074B00000001004180C163401C001C01634180C5A
:1074C000100410001C00130400FC13041C00100026
:1074D00000000804101C1064108413041C0410180D
:1074E00000000000000000007FFE40024002400259
:1074F0000000000030000C0003800060001C00034E
:10750000000000004002400240027FFE0000000038
:10751000000000000000200040004000400020006B
:107520000000000100010001000100010001000154
:1075300000010000400040002000000000000000AA
:10754000000000000098012401440144014400FCB3
:10755000000410001FFC0088010401040088007072
:10756000000000000070008801040104010400888C
:1075700000000000007000880104010411081FFCD5
:107580000004000000F8014401440144014400C823
:1075900000000000010401040FFC1104110411009B
:1075A0001800000000D601290129012901C901069E
:1075B000000010041FFC008401000100010400FC15
:1075C000000400000104190419FC00040004000078
:1075D00000000000000300010101190119FE000074
:1075E000000010041FFC0024004001B4010C010441
:1075F00000000000100410041FFC00040004000040
:107600000000010401FC0104010001FC010401006F
:1076100000FC010401FC008401000100010400FCE5
:107620000004000000F8010401040104010400F852
:107630000000010101FF00850104010400880070C1
:10764000000000000070008801040104010501FF32
:1076500000010104010401FC008401040100018017
:107660000000000000CC0124012401240124019821
:10767000000000000100010007F8010401040000FF
:107680000000010001F8000400040004010801FCEE
:107690000004010001800170000C001001600180F5
:1076A000010001F0010C003001C00030010C01F0BC
:1076B000010000000104018C00740170018C0104C0
:1076C0000000010101810171000E001801600180BC
:1076D000010000000184010C013401440184010C0B
:1076E0000000000000000000000001003EFC40021D
:1076F00040020000000000000000FFFF000000004A
:1077000000000000400240023EFC010000000000BA
:107710000000000060008000800040004000200069
:107720002000000000000000000000000000000039
:107730000000000000000000000000000000000049
:107740000000000000000000000000000000000039
:1077500000000000000F80380FFE380F8038000056
:107760000000000000000000000000000000000019
:107770000100000600000C00003800003100000687
:1077800000000C0000380000300000000000000085
:10779000000061800067F807F98000618000618067
:1077A0000061800061800067F807F9800061800057
:1077B000000000000000000001C0E003E0F006301F
:1077C000080418081FFFFE040E080787F00381E075
:1077D00000000000000001F000060C000404080690
:1077E0000C7001F9C0000E00003BE000EC18070827
:1077F00008040C180003E00000000001E00007F09E
:1078000003F818041C0804170807E1D003C0E000BF
:1078100023B0003C08002008000010000000000019
:10782000000100003100003200001C0000000000D8
:107830000000000000000000000000000000000048
:107840000000000000000000000000000000000038
:1078500000007F0001FFC00780F00C00181000043A
:107860002000020000000000002000021000040CB4
:1078700000180780F001FFC0007F0000000000003A
:1078800000000000000000000000000000004200B6
:10789000006600006600003C0000180003FFC00006
:1078A0001800003C00006600006600004200000076
:1078B00000000800000800000800000800000800A0
:1078C00001FFC000080000080000080000080000D8
:1078D000080000000000000100003100003200003C
:1078E0001C0000000000000000000000000000007C
:1078F0000000000000000000000008000008000078
:107900000800000800000800000800000800000847
:107910000000080000080000000000000000000057
:1079200000003800003800003800000000000000AF
:107930000000000000000000000000000000000047
:107940000000000600001C000070000180000E0016
:1079500000380000C0000700001C000030000000DC
:107960000000000000007F8001FFE003807006003F
:107970001804000804000806001803807001FFE0E6
:10798000007F8000000000000000000001000801EE
:10799000000801000803FFF807FFF80000080000D6
:1079A0000800000800000000000000000001C038CE
:1079B00002C05804009804011804021804041806B0
:1079C0001C1803F81801E0F8000000000000000097
:1079D0000001C0E003C0F00400080408080408081F
:1079E00006180803F41801E7F00001E000000000A9
:1079F0000000000000000300000D00001100006105
:107A00000000810803010807FFF80FFFF8000108D4
:107A10000001080000000000000000E007FCD006A4
:107A20000808061008061008061008061838060F81
:107A3000F00607C0000000000000000000003F80CA
:107A400001FFE00384300208180410080410080441
:107A50001008071810030FF00007C0000000000016
:107A60000000000003C0000700000600000600F848
:107A70000607F806180006E00007000006000000F0
:107A8000000000000001E1E003F7F00634100418E4
:107A900008041808040C08040C0806161803F3F070
:107AA00001C1E000000000000000F80003FC30030A
:107AB000063804020804020804020804041003083B
:107AC000F001FFC0007F0000000000000000000087
:107AD0000000000000000000000070380070380056
:107AE00070380000000000000000000000000000EE
:107AF0000000000000000000000000000000301A3C
:107B000000301C0000000000000000000000000029
:107B10000000000000000000000800001400002227
:107B2000000041000080800100400200200400109D
:107B300008000800000000000000210000210000F3
:107B4000210000210000210000210000210000216F
:107B500000002100002100000000000000000000E3
:107B6000080008040010020020010040008080008E
:107B70004100002200001400000800000000000086
:107B80000003C00004C000040000080038080F38DB
:107B90000808380810000C300007E00003C000009F
:107BA0000000000000003F8000FFE0038070020F33
:107BB0001006708804C088048308047F8802C0907F
:107BC00003012000FE400000080000180001F8003A
:107BD0003E0801C20007020007E20000FE00001F8D
:107BE000C80001F800003800000804000807FFF88A
:107BF00007FFF80408080408080408080408080631
:107C0000180803F41801E7F00001E000000000008C
:107C100000003F8001FFE0038070020018040008AC
:107C20000400080400080400100600200780C000BB
:107C3000000004000807FFF807FFF804000804002C
:107C40000804000804001802001003807001FFE01F
:107C5000007F8000000004000807FFF807FFF80419
:107C60000808040808040808040808043E0804007A
:107C70000806001801006000000004000807FFF873
:107C800007FFF804080804080004080004080004BA
:107C90003E00060000060000018000000000000019
:107CA00000003F8001FFE003807006001804000818
:107CB0000402080402080203F00783F00002000037
:107CC000020004000807FFF807FFF804080800088E
:107CD0000000080000080000080004080807FFF87A
:107CE00007FFF8040008000000000000040008047A
:107CF000000804000807FFF807FFF8040008040064
:107D00000804000800000000000000000000000659
:107D10000000070000010400010400010400030743
:107D2000FFFE07FFFC040000040000040000040044
:107D30000807FFF807FFF8040C08001800003E00D1
:107D400004C7800503C80600F804003804001800C2
:107D5000000804000807FFF807FFF8040008000007
:107D600008000008000008000008000008000018D3
:107D700000006000000004000807FFF80780080703
:107D8000FC00007FC00003F80007C00078000780F7
:107D90000807FFF807FFF804000804000807FFF8C9
:107DA00007000803C00000E000003800001E0000CB
:107DB00007000001C00400F007FFF8040000000005
:107DC00000007F8001FFE0038070060018040008B7
:107DD00004000806001803003001FFE0007F800067
:107DE000000004000807FFF807FFF8040408040473
:107DF00000040400040400040400060C0003F8005E
:107E000001F000000000000000007F8001FFE0039F
:107E100080700600880400880400C806003C030047
:107E20003E01FFE6007F8400000004000807FFF821
:107E300007FFF8040808040800040C00040F0004FD
:107E40000BC00610F003F03801E008000008000045
:107E50000001E0F803F03006301004180804180898
:107E6000040C08040C080206180207F00781E00061
:107E7000000001800006000004000004000004006F
:107E80000807FFF807FFF8040008040000040000DA
:107E900006000001800004000007FFE007FFF00477
:107EA000001800000800000800000800000800009A
:107EB0000804001007FFE0040000040000060000B2
:107EC00007E00007FE00041FE00001F80000380092
:107ED00001E0043E0007C0000600000400000400AA
:107EE0000007E00007FFC0041FF80007C007F80004
:107EF00007FF80043FF80007C004F80007000004F3
:107F0000000000000004000806001807C07805F112
:107F1000C8003E00001F800463E80780F8060018D0
:107F200004000800000004000006000007800007AD
:107F3000E008047C08001FF80007F800180804E0B7
:107F4000080700000600000400000000000100080F
:107F50000600380400F80403E8040F08047C080550
:107F6000F00807C0080700180400600000000000C7
:107F7000000000000000000000000000003FFFFEC5
:107F80002000022000022000022000022000020047
:107F9000000000000000000008000007000000C012
:107FA000000038000006000001C000003000000E94
:107FB000000001000000000000000000200002207E
:107FC00000022000022000022000023FFFFE00000D
:107FD00000000000000000000000000000000000A1
:107FE00000000008000010000030000020000030F9
:107FF0000000100000080000000000000000000069
:10800000010000010000010000010000010000016A
:10801000000001000001000001000001000001005B
:10802000000100000000000000000020000020000F
:108030000010000010000000000000000000000020
:108040000000000000000000000000F00019F8002F
:108050001B18002208002608002408002410003FF6
:10806000F8001FF8000008000018000000040000DD
:1080700007FFF80FFFF00018180010080020080094
:108080002008003018001FF0000FC00000000000A2
:10809000000007C0001FF000183000200800200872
:1080A000002008003C08001C1000006000000000D8
:1080B00000000000000007C0001FF000381800207A
:1080C0000800200800200804101007FFF80FFFF038
:1080D0000000100000000000000000000007C000C9
:1080E0001FF000123000221800220800220800327F
:1080F00008001E10000E20000000000000002000FC
:1081000000200800200801FFF803FFF806200804FB
:1081100020080420080720000300000000000000E1
:108120000000000E000E6E001FF30031B10020B100
:108130000020B1003191001F13002E1E00200E0000
:10814000300000000004000807FFF80FFFF80010DF
:1081500008002000002000002008003FF8001FF861
:1081600000000800000000000000000000200800DF
:108170002008002008063FF8063FF800000800002D
:1081800008000008000000000000000000000000DF
:10819000000003000003002001002001002003066E
:1081A0003FFE063FFC000000000000000000000051
:1081B0000004000807FFF80FFFF800018800030023
:1081C000002FC00038F80020380020080000080008
:1081D0000000000000000000040008040008040083
:1081E0000807FFF80FFFF80000080000080000086B
:1081F000000000000000002008003FF8003FF800E9
:108200001008002000003FF8003FF8001008002090
:1082100000003FF8003FF8000008000000002008C0
:10822000003FF8003FF80010080010000020000098
:108230002008003FF8001FF80000080000000000C0
:10824000000007C0000FF0001830003008002008C0
:10825000002008003008001830000FF00007C000B0
:108260000000000000002001003FFF003FFF001061
:1082700011002009002008002008003038001FF0FD
:10828000000FC00000000000000007C0001FF00049
:108290003818002008002008002009001011001FD5
:1082A000FF003FFF00000100000000200800200840
:1082B000002008003FF8003FF80008080010080000
:1082C0002008002000003000003000000000000006
:1082D00000000000000C78001E180033080023087E
:1082E0000021080021880021980030F0003860004B
:1082F000000000000000200000200000200000FF1F
:10830000F003FFF8002008002008002008000030DB
:10831000000000000000000000002000003FF0000E
:108320007FF8000018000008000008002010003F3F
:10833000F8007FF0000010000000000000002000A6
:10834000003000003C00003F800023F00000780077
:108350000070002380003C0000300000200000205E
:1083600000003C00003FE00023F80000E000270090
:10837000003E00003FE00021F80001E0003E000068
:108380002000000000002008002008003838003ECF
:10839000680027800003C8002CF800383800201837
:1083A0000020080000000000000020000030030052
:1083B0003C01003F830023EC000070002380003C60
:1083C000000020000020000000000000000000006D
:1083D0000038080020380020F80023E8002F88002B
:1083E0003E0800380800201800007000000000005F
:1083F0000000000000000000000000000000080075
:108400000014001FF7FC30000620000200000000EE
:10841000000000000000000000000000000000005C
:1084200000000000FFFFFF0000000000000000004F
:1084300000000000000000000000000020000230EA
:1084400000061FF7FC0014000008000000000000F8
:108450000000000000000000000000000018000004
:1084600060000040000040000020000010000008F4
:1084700000000400000400000C00001000000000D8
:1084800000000000000000000000000000000000EC
:1084900000000000000000000000000000000000DC
:1084A00000000000000000000000000000000000CC
:1084B00000000000000000000000000000000000BC
:1084C00000000000000000000000000000000000AC
:1084D00000000000000007F000C007FFE1E007F027
:1084E00001E0000000C000000000000000000000EB
:1084F000000000000000000000000000000000007C
:108500000000000000000020000001C00000078003
:1085100000001F0000001E0000001C20000001C021
:108520000000078000001F0000001E0000001C006B
:10853000000000000000000000000000000000003B
:10854000000000180C0000180C0000180FE0001FBD
:10855000FC0003F80C0000180C0000180C000018B8
:108560000C0000180C0000180FE0001FFC0003F8BE
:108570000C0000180C0000180C00000000000000A7
:1085800000000000000000000780007807C000FC29
:108590000640010E002003070020020380200FFF89
:1085A000FFFC0201C0200200E0600130704001F0D9
:1085B0003F8000F01F00000000000000000000FEEF
:1085C000000001FF00000301800002008060030141
:1085D00081C001FF070000FE18000000E00000035A
:1085E000BF00000CFFC00071806001C100200301CA
:1085F00080600000FFC000003F000000000000009D
:108600001F0000007FC000FCC0C001FF80600303AA
:10861000E0200202782002061E2003FC074001F041
:108620000380000103C000011C600001E020000184
:108630000020000100400000018000000000000058
:108640000000002000001C6000001C4000001F8093
:1086500000000F000000000000000000000000000B
:10866000000000000000000000000000000000000A
:1086700000000000000000000000000000000000FA
:1086800000000000000000000000000000000000EA
:10869000000000000000000000000007F800003F9C
:1086A000FF00007807C001C000E0030000300400B4
:1086B0000008080000041000000200000000000094
:1086C000000010000002080000040400000803007D
:1086D000003001C000E0007807C0003FFF00000745
:1086E000F800000000000000000000000000000092
:1086F000000000000000000000000000000000007A
:10870000000000000000000C1800000E3800000EF1
:10871000380000063000000360000061438000FF65
:10872000FF80006143000003600000063000000E7F
:108730003800000E3800000C180000000000000097
:108740000000000000000000800000008000000029
:108750008000000080000000800000008000007F9A
:10876000FF0000008000000080000000800000008A
:108770008000000080000000800000000000000079
:10878000000000000001000000E3000000E2000023
:1087900000FC000000780000000000000000000065
:1087A00000000000000000000000000000000000C9
:1087B00000000000000000000000000000000000B9
:1087C0000000000080000000800000008000000029
:1087D0008000000080000000800000008000000099
:1087E0008000000080000000800000008000000089
:1087F00080000000800000008000000000000000F9
:10880000000000000000000000C0000001E00000C7
:1088100001E0000000C000000000000000000000B7
:108820000000000000000000000000000000000048
:108830000000000000000000000000000000000038
:1088400000000000000C00000038000000E0000004
:10885000038000000E00000038000000E00000036C
:108860008000000E00000038000000E000000380DF
:1088700000000E00000018000000000000000000D2
:10888000000000000000000FF800007FFF0000F073
:108890000780018000C00300006002000020020089
:1088A00000200200002003000060018000C000E002
:1088B0000380007FFF00000FF800000000000000B0
:1088C0000000000000000000000000800020008088
:1088D0000020008000200080006001FFFFE003FF17
:1088E000FFE0000000600000002000000020000009
:1088F0000020000000000000000000000000000058
:10890000000000000000007800E000980160010015
:1089100002600200046002000860020010600200B1
:10892000206002004060030080600183006001FE5F
:1089300000E0007C07800000000000000000000054
:1089400000000000000000F0078001F007C00100F7
:10895000004002000020020100200201002002016C
:108960000020030380200186804001FCC0C0007805
:108970007F8000001E0000000000000000000000DA
:10898000000000000800000038000000480000015E
:10899000880000060800000C081000300810004095
:1089A000081001FFFFF003FFFFF003FFFFF00000DE
:1089B000081000000810000008100000000000006F
:1089C00000000000000000000780001F864003E157
:1089D00000200302002003040020030400200304FD
:1089E00000200304002003060040030301C003012C
:1089F000FF8003007E000000000000000000000077
:108A00000000000000000007FC00003FFF000070B5
:108A1000C380008180C001010060030200200202C7
:108A2000002002020020020200200203004001C1D7
:108A300080C000C0FF8000007E0000000000000039
:108A400000000000000000F0000003C000000380F0
:108A5000000003000000030007E003003FE0030103
:108A6000C00003060000031800000360000003803C
:108A700000000300000000000000000000000000F3
:108A8000000000001F0000783F8000FC60C0018EE5
:108A9000C040030780200203002002018020020161
:108AA00080200201C0200301E040018670C000FC6C
:108AB0003F8000781F000000000000000000000060
:108AC0000000003F000000FF81C001C0C1C00100E4
:108AD000602002002020020020200200202002004E
:108AE0002060020040C00100C18000C18F00007FF3
:108AF000FE00001FF0000000000000000000000069
:108B00000000000000000000000000000000000065
:108B1000000000000000000300C0000781E0000723
:108B200081E0000300C00000000000000000000021
:108B30000000000000000000000000000000000035
:108B40000000000000000000000000000000000025
:108B5000000000000000000600660006007800002B
:108B60000000000000000000000000000000000005
:108B700000000000000000000000000000000000F5
:108B8000000000000000000080000001C0000003A1
:108B9000600000063000000C180000180C000030C7
:108BA00006000060030000C00180010000400200D8
:108BB0000020040000100000000000000000000081
:108BC0000000000410000004100000041000000465
:108BD0001000000410000004100000041000000445
:108BE0001000000410000004100000041000000435
:108BF000100000041000000410000000000000003D
:108C0000000000000000040000100200002001002D
:108C1000004000C001800060030000300600001822
:108C20000C00000C1800000630000003600000017A
:108C3000C0000000800000000000000000000000F4
:108C40000000000000000078000001F80000023879
:108C5000000002000000040000C0040079E00400ED
:108C600081E0040100C004030000020200000306CA
:108C7000000001FC000000F80000000000000000FF
:108C80000000000FF800003FFE000070078000C0E9
:108C900000C00101F8400307FC20021E042002303E
:108CA000082002203020023FFC20013F04400180C8
:108CB0000CC000E03180001FC20000000000000076
:108CC000002000000060000003E000003E200003E0
:108CD000E020003E200003E020000380200007FC8D
:108CE0002000003FE0000003FE2000003FE0000005
:108CF00001E0000000200000002000000000000053
:108D00000000020000200200002003FFFFE003FF3C
:108D1000FFE0020100200201002002010020020108
:108D2000002002010020030300200186806001FC76
:108D3000C0C000F87F8000001F000000000000009D
:108D400000000007F800003FFF000070078000C02F
:108D500000C00100004003000020020000200200CB
:108D600000200200002002000020010000400180DD
:108D700000C003C0018000300600000000000000B9
:108D80000000020000200200002003FFFFE003FFBC
:108D9000FFE002000020020000200200002002008C
:108DA00000200300006001000040018000C000F0CE
:108DB0000780007FFE00000FF800000000000000A8
:108DC0000000020000200200002003FFFFE003FF7C
:108DD000FFE0020100200201002002010020020148
:108DE00000200201002002038020020FE020030087
:108DF000006003C000E0006003000000000000000D
:108E00000000020000200200002003FFFFE003FF3B
:108E1000FFE0020100200201002002010000020127
:108E20000000020100000201000002038000030FA5
:108E3000E0000300000003C000000060000000002C
:108E400000000007F800003FFE000070078001C02E
:108E500001C00100004003000020020000200200C9
:108E6000002002000020010020200100204003C05B
:108E70003F8000303F800000200000002000020002
:108E800000200200002003FFFFE003FFFFE00200DC
:108E90008020020080200000800000008000000090
:108EA0008000020080200200802003FFFFE003FF1B
:108EB000FFE002000020020000200000000000008F
:108EC000000000000000000000000200002002007E
:108ED0000020020000200200002003FFFFE003FF4B
:108EE000FFE002000020020000200200002002003B
:108EF0000020000000000000000000000000000052
:108F000000000000000E0000000F0000000F000035
:108F10000001020000010200000102000003020043
:108F2000000603FFFFFC03FFFFF802000000020041
:108F3000000002000000020000000000000000002D
:108F40000000020000200200002003FFFFE003FFFA
:108F5000FFE00200C0200201002000078000000F97
:108F6000E0000030F80002603E2003800F20030084
:108F700003E0020000E002000020000000200000EA
:108F80000000020000200200002003FFFFE003FFBA
:108F9000FFE002000020020000200000002000008E
:108FA0000020000000200000002000000020000041
:108FB0000060000000E0000003000000000002006C
:108FC00000200200002003FFFFE003E0002003FF79
:108FD0000020001FF0000001FF8000000FE00000F3
:108FE0001E000003E000003E002003E0002003FF1D
:108FF000FFE003FFFFE0020000200200002002006B
:1090000000200200002003FFFFE00380002003F0A7
:10901000002000FC0000001F00000007C00000014D
:10902000F00000007C0002001F80020007E003FF48
:10903000FFE002000000020000000000000000004D
:109040000000000FF800003FFE0000F007800180E4
:1090500000C00100004002000020020000200200C9
:1090600000200200002001000040018000C000F04C
:109070000380003FFE00000FF80000000000000029
:109080000000020000200200002003FFFFE003FFB9
:10909000FFE0020080200200802002008000020029
:1090A0008000020080000200800003018000018334
:1090B000000000FE0000007C000000000000000036
:1090C0000000000FF800007FFF0000F00380018027
:1090D00001C001000640020004200200042002003A
:1090E0000620020003E0010000F80180005C00E0BF
:1090F000038C003FFF0C000FFC1800000000000074
:109100000000020000200200002003FFFFE003FF38
:10911000FFE00201002002010020020180000201A4
:10912000E0000201FC0003033F80018607E001FC30
:1091300000E000F800200000002000000000000017
:109140000000000000000078060000FE01E001863B
:1091500000C003030040020300200201802002013E
:1091600080200201C0200200C0200100E0600180D8
:1091700070C003E03F8000001F00000000000000FE
:1091800000000060000003800000030000000200F7
:109190000000020000200200002003FFFFE003FFA8
:1091A000FFE0020000200200002002000000020098
:1091B00000000380000000E000000000000002004A
:1091C00000000200000003FFFF0003FFFFC00200D9
:1091D00000400200006000000020000000200000AD
:1091E000002000000020020000400200008003FF79
:1091F000FF0002000000020000000000000000006C
:109200000000020000000200000003C0000003FC98
:109210000000023FC0000003F80000007F80000053
:1092200007E000000780000078000203C000023C55
:10923000000003C000000200000002000000020065
:10924000000003C0000003FF8000023FFE00020098
:109250007FE000000F000200F00003EF000003FFBA
:109260008000020FFE0000003FE000001F00020728
:10927000E00003F80000030000000200000000000E
:1092800000000200002002000020038000E003F044
:10929000032002FC0C20021F30000007C000000762
:1092A000F00002187C0002601F20038003E002002F
:1092B00000E002000020000000200000000000008C
:1092C0000000020000000300000003C0000003F8DB
:1092D0000000023E0020020FC0200001FFE000005D
:1092E0007FE000038020021C002002700000038049
:1092F000000002000000020000000000000000006A
:10930000000000000020006000E0038003E0030094
:109310000FA002003E200200F8200203E020020F0E
:109320008020023E00200278002003E000600380DD
:1093300000E0020003000000000000000000000048
:10934000000000000000000000000000000000001D
:109350000000000000001FFFFFFC100000041000D0
:1093600000041000000410000004100000041000AD
:1093700000041000000400000000000000000000D5
:10938000000000000000000000000700000003C013
:10939000000000780000001E00000003C000000074
:1093A000F00000001E0000000780000000F0000038
:1093B000003C00000006000000000000000000006B
:1093C0000000000000001000000410000004100065
:1093D000000410000004100000041000000410003D
:1093E00000041FFFFFFC0000000000000000000060
:1093F000000000000000000000000000000000006D
:10940000000000000000000000000000000002005A
:109410000000040000000800000018000000100018
:109420000000180000001800000004000000020006
:10943000000000000000000000000000000000002C
:109440000001000000010000000100000001000018
:109450000001000000010000000100000001000008
:1094600000010000000100000001000000010000F8
:1094700000010000000100000001000000010000E8
:1094800000000000000000000000100000001000BC
:109490000000100000001800000008000000040098
:1094A00000000000000000000000000000000000BC
:1094B00000000000000000000000000000000000AC
:1094C00000000000038000018FC000038C600006D4
:1094D00018200004102000041020000420200004A4
:1094E0002040000620400003FFC00001FFE0000014
:1094F000002000000020000000C00000000000006C
:109500000000020000000200000003FFFFE007FF70
:10951000FFC0000180C000020060000200200004C3
:10952000002000040020000400200006004000038A
:1095300000C00001FF800000FE00000000000000ED
:1095400000000000000000007E000001FF8000031A
:1095500081C000020040000600200004002000043A
:10956000002000040020000600200003C04000018D
:10957000C0800000030000000000000000000000A8
:1095800000000000000000007E000001FF800003DA
:1095900080C00006006000040020000400200004D9
:1095A0000020020400400202008003FFFFE007FFEA
:1095B000FFC000000040000000400000000000006C
:1095C00000000000000000007E000001FF8000039A
:1095D00011C00002104000041060000410200004BC
:1095E000102000041020000610200003104000018D
:1095F000F0C000007100000000000000000000004A
:10960000000000000000000400000004002000042E
:10961000002000040020007FFFE001FFFFE00104C4
:1096200000200304002002040020020400200204A1
:1096300000000200000001C0000001C000000000A6
:109640000000000000000000001C0000E33E0003DA
:10965000FFC200020CC3000404C1000404C10004E2
:1096600004C1000404C100060CC10003F8C30005D6
:10967000F0620006007E0006003C000000000000D2
:109680000000020000200200002003FFFFE007FFAF
:10969000FFE000010020000200200006000000049E
:1096A0000000000400000004002000060020000369
:1096B000FFE00001FFE000000020000000200000AB
:1096C0000000000000000000000000040020000472
:1096D000002000040020000400200387FFE0038F27
:1096E000FFE00380002000000020000000200000B8
:1096F000002000000000000000000000000000004A
:109700000000000000000000000000000006000053
:109710000007000000010000000100040001000437
:10972000000100040003000400060387FFFC038F10
:10973000FFF80380000000000000000000000000AF
:109740000000020000200200002003FFFFE007FFEE
:10975000FFE00000082000001020000030000000A2
:10976000FC0000058E00000707A0000601E00004D1
:1097700000E00004002000000020000000000000C5
:1097800000000000000000000000020000200200B5
:109790000020020000200200002003FFFFE007FF7E
:1097A000FFE000000020000000200000002000007A
:1097B0000020000000000000000000000000000089
:1097C0000000000400200007FFE0000FFFE000029F
:1097D000002000040000000400200007FFE0000358
:1097E000FFE0000200200004000000040020000749
:1097F000FFE00003FFE00000002000000000000088
:10980000000000040020000400200007FFE0000F1B
:10981000FFE0000100200002002000020000000420
:1098200000000004000000040020000600200003E7
:10983000FFE00001FFE00000002000000020000029
:1098400000000000000000007E000000FF80000318
:1098500081C0000200400006002000040020000437
:109860000020000400200006002000020040000349
:1098700081C00001FF8000007E00000000000000A9
:10988000000000040001000400010007FFFF000FBA
:10989000FFFF000100C1000200410004002000049D
:1098A0000020000400200004002000060040000307
:1098B00001C00001FF8000007E00000000000000E9
:1098C00000000000000000007E000001FF80000397
:1098D00080C000020060000400200004002000049A
:1098E00000200004002000020041000300C100032A
:1098F000FFFF0007FFFF0000000100000001000063
:1099000000000004002000040020000400200004E7
:109910000020000FFFE0000FFFE00000C02000016A
:1099200000200002002000060020000400000004C7
:10993000000000070000000300000000000000001D
:10994000000000000000000003E00001C0E0000390
:10995000E0400006302000043020000418200004FD
:1099600018200004182000040C2000020C600003E2
:1099700007C0000783800000000000000000000016
:1099800000000000000000040000000400000004CB
:109990000000000C0000001FFF8000FFFFC000045B
:1099A00000600004002000040020000400200004E7
:1099B00000400000018000000000000000000000E6
:1099C000000000040000000400000007FF80000FFA
:1099D000FFC0000000600000002000000020000028
:1099E0000020000000200004004000040080000768
:1099F000FFE0000FFFC0000000400000004000003A
:109A000000000004000000040000000780000007C0
:109A1000F0000004FE0000041FC0000003E000008E
:109A2000038000001C0000046000000780000006A6
:109A3000000000040000000000000000000000041E
:109A40000000000600000007C0000007FC00000442
:109A50003F80000003E000040F800006F0000007D4
:109A6000F0000007FF8000040FE000000380000406
:109A70003C000007C00000060000000400000000D9
:109A80000000000000200004002000040060000727
:109A900000E0000783200007E6000004F800000053
:109AA0003C0000045E20000587A0000601E00004E1
:109AB0000060000400200000002000000000000002
:109AC000000000040000000400030007000300077A
:109AD000E0010004F80100041F02000007FC000080
:109AE00000E000000700000438000007C000000686
:109AF000000000040000000400000000000000005E
:109B000000000000000000078060000600E0000484
:109B100003E0000407A000040E2000043C20000421
:109B200070200005E020000780200007006000048E
:109B300000E00000038000000000000000000000C2
:109B40000000000000000000000000000000000015
:109B50000000000000000000000000008000000085
:109B600080000001400007FE3FF8080000041000DC
:109B700000021000000200000000000000000000D1
:109B800000000000000000000000000000000000D5
:109B90000000000000000000000000000000FFFFC7
:109BA000FFFF0000000000000000000000000000B7
:109BB00000000000000000000000000000000000A5
:109BC0000000000000001000000210000002080069
:109BD000000407FE3FF80001400000008000000084
:109BE00080000000000000000000000000000000F5
:109BF0000000000000000000000000000000000065
:109C0000000018000000300000004000000040008C
:109C100000004000000020000000300000000800AC
:109C2000000004000000020000000200000002002A
:109C300000000C0000001800000000000000000000
:109C4000506C656173652075736520746865207359
:109C500074796C757320636C69636B20746865201C
:109C600063726F7373206F6E207468652073637204
:109C700065656E2E5468652063726F737320776913
:109C80006C6C20616C77617973206D6F76652075DF
:109C90006E74696C207468652073637265656E20EC
:109CA00061646A7573746D656E7420697320636F87
:109CB0006D706C657465642E00000000DC9C00080B
:109CC000000000206C0000005C180008489D00089F
:109CD0006C000020AC0400006C18000800000000BC
:109CE0000000000001000000100000000000000063
:109CF0000024F400F5670008B16B000895620008C5
:109D00000000000000000000000000000000000053
:109D10000000000000000000000000000000000043
:109D20000000000000000000000000000000000033
:109D3000000000000000000000000000000500011D
:089D4000FFFF0000000000001D
:040000050800018965
:00000001FF
